SR_NUM_1,SR_NUM_2,SITE_NAME_COMPARISON_SCORE,STATE_COMPARISON_SCORE,CITY_COMPARISON_SCORE,POSTAL_CODE_COMPARISON_SCORE,CONCAT_ADDRESS_COMPARISON_SCORE,NUM_OF_MATCHES_FOUND
6,1,0,0,1,1,3,5
22,1,1,0,1,1,3,6
50,1,0,0,1,1,3,5
70,1,0,0,1,1,3,5
490,1,0,0,1,1,3,5
498,1,0,0,1,1,3,5
527,1,0,0,1,1,3,5
765,1,0,0,1,1,3,5
869,1,0,0,1,1,3,5
915,1,0,0,1,1,3,5
10,4,1,1,1,1,3,7
197,4,0,0,1,1,3,5
264,4,0,0,1,1,3,5
269,4,0,0,1,0,3,4
283,4,0,0,1,1,3,5
325,4,0,0,1,0,3,4
338,4,0,0,1,1,3,5
472,4,0,0,0,1,3,4
643,4,0,0,1,1,3,5
698,4,0,0,1,1,3,5
701,4,0,0,1,1,3,5
718,4,0,0,1,1,3,5
735,4,0,0,1,1,3,5
964,4,0,0,1,1,3,5
1063,4,0,0,1,1,3,5
1107,4,0,0,1,1,3,5
1119,4,0,0,1,1,3,5
1184,4,0,0,1,1,3,5
1283,4,0,0,1,1,3,5
22,6,0,0,1,1,3,5
50,6,0,0,1,1,3,5
70,6,0,0,1,1,3,5
490,6,0,0,1,1,3,5
498,6,0,0,1,1,3,5
527,6,0,0,1,1,3,5
765,6,0,0,1,1,3,5
869,6,0,0,1,1,3,5
915,6,0,0,1,1,3,5
87,7,0,0,1,1,3,5
187,7,1,1,1,1,0,4
88,8,0,0,1,1,3,5
157,8,0,0,1,1,3,5
197,10,0,0,1,1,3,5
264,10,0,0,1,1,3,5
269,10,0,0,1,0,3,4
283,10,0,0,1,1,3,5
325,10,0,0,1,0,3,4
338,10,0,0,1,1,3,5
472,10,0,0,0,1,3,4
643,10,0,0,1,1,3,5
698,10,0,0,1,1,3,5
701,10,0,0,1,1,3,5
718,10,0,0,1,1,3,5
735,10,0,0,1,1,3,5
964,10,0,0,1,1,3,5
1063,10,0,0,1,1,3,5
1107,10,0,0,1,1,3,5
1119,10,0,0,1,1,3,5
1184,10,0,0,1,1,3,5
1283,10,0,0,1,1,3,5
13,12,0,0,0,1,3,4
168,12,0,1,1,1,3,6
178,12,0,1,1,1,3,6
168,13,0,0,0,1,3,4
178,13,0,0,0,1,3,4
16,15,0,0,1,1,3,5
17,15,0,0,1,1,3,5
39,15,0,0,1,1,3,5
40,15,0,0,1,1,3,5
63,15,0,0,1,1,3,5
17,16,0,0,1,1,3,5
39,16,1,0,1,1,3,6
40,16,1,0,1,1,3,6
63,16,1,0,1,1,3,6
39,17,0,0,1,1,3,5
40,17,0,0,1,1,3,5
63,17,0,0,1,1,3,5
171,18,1,0,0,0,3,4
208,18,0,0,0,1,3,4
343,18,0,0,0,1,3,4
441,18,0,0,0,1,3,4
634,18,0,0,0,1,3,4
835,18,0,0,0,1,3,4
847,18,0,0,0,1,3,4
980,18,0,0,0,1,3,4
1054,18,0,0,0,1,3,4
20,19,0,0,0,1,3,4
66,19,0,0,0,1,3,4
192,19,0,0,0,1,3,4
209,19,0,0,0,1,3,4
347,19,0,0,1,1,3,5
583,19,0,0,1,1,3,5
1211,19,0,0,1,1,3,5
66,20,0,0,1,1,3,5
192,20,0,0,1,1,3,5
209,20,0,0,1,1,3,5
347,20,0,0,0,1,3,4
583,20,0,0,0,1,3,4
1211,20,0,0,0,1,3,4
1209,21,0,0,1,1,3,5
50,22,0,0,1,1,3,5
70,22,0,0,1,1,3,5
490,22,0,0,1,1,3,5
498,22,0,0,1,1,3,5
527,22,0,0,1,1,3,5
765,22,0,0,1,1,3,5
869,22,0,0,1,1,3,5
915,22,0,0,1,1,3,5
26,25,0,1,1,1,3,6
37,25,0,0,1,1,3,5
38,25,0,0,1,1,3,5
62,25,0,0,1,1,3,5
37,26,0,0,1,1,3,5
38,26,0,0,1,1,3,5
62,26,0,0,1,1,3,5
202,28,0,0,1,1,3,5
406,28,0,0,1,1,3,5
409,28,0,0,1,1,3,5
516,28,0,0,1,1,3,5
654,28,0,0,1,1,3,5
732,28,0,0,1,1,3,5
746,28,0,0,1,1,3,5
747,28,0,0,1,1,3,5
820,28,0,0,1,1,3,5
843,28,0,0,1,1,3,5
848,28,0,0,1,1,3,5
977,28,0,0,1,1,3,5
1067,28,0,0,1,1,3,5
1164,28,0,0,1,1,3,5
1249,28,0,0,1,1,3,5
41,29,0,0,1,1,3,5
179,29,0,0,1,1,3,5
190,29,0,0,1,1,3,5
203,29,0,0,1,1,3,5
51,31,1,1,1,1,3,7
93,32,0,1,1,1,3,6
109,32,0,0,1,1,3,5
163,32,0,0,1,1,3,5
232,32,0,0,1,1,3,5
266,32,0,0,0,1,3,4
289,32,0,0,0,1,3,4
323,32,0,0,0,1,3,4
349,32,0,0,0,1,3,4
397,32,0,0,0,1,3,4
481,32,0,0,0,1,3,4
671,32,0,0,0,1,3,4
867,32,0,0,1,1,3,5
908,32,0,0,0,1,3,4
927,32,0,0,0,1,3,4
946,32,0,0,0,1,3,4
953,32,0,0,0,1,3,4
960,32,0,0,0,1,3,4
1045,32,0,0,0,1,3,4
1098,32,0,0,0,1,3,4
1127,32,0,0,0,1,3,4
60,33,0,0,1,1,3,5
96,33,0,0,1,1,3,5
432,33,0,0,1,1,3,5
458,33,0,0,1,1,3,5
524,33,0,0,1,1,3,5
636,33,0,0,1,1,3,5
998,33,0,0,0,1,3,4
1046,33,0,0,1,1,3,5
1142,33,0,0,1,1,3,5
1251,33,0,0,1,1,3,5
118,35,1,1,1,1,0,4
119,35,1,1,1,1,0,4
125,35,1,1,1,1,0,4
214,35,1,1,1,1,0,4
216,35,1,1,1,1,0,4
240,35,1,1,1,1,0,4
395,35,1,1,1,1,0,4
413,35,1,1,1,1,0,4
439,35,1,1,1,1,0,4
821,35,1,1,1,1,0,4
857,35,1,1,1,1,0,4
925,35,1,1,1,1,0,4
1001,35,1,1,1,1,0,4
1007,35,1,1,1,1,0,4
204,36,1,1,1,1,3,7
257,36,1,1,1,1,3,7
526,36,1,0,1,0,3,5
539,36,1,0,1,0,3,5
686,36,1,0,1,1,3,6
950,36,1,0,1,1,3,6
1081,36,1,0,1,0,3,5
1159,36,1,0,1,0,3,5
1169,36,1,0,1,0,3,5
38,37,0,0,1,1,3,5
62,37,0,0,1,1,3,5
62,38,0,0,1,1,3,5
40,39,1,0,1,1,3,6
63,39,1,0,1,1,3,6
63,40,1,0,1,1,3,6
179,41,0,0,1,1,3,5
190,41,0,0,1,1,3,5
203,41,0,0,1,1,3,5
98,42,0,1,1,1,3,6
67,45,0,0,1,1,3,5
68,45,1,0,1,1,3,6
174,45,0,0,1,1,3,5
185,45,0,0,1,1,3,5
211,45,1,0,1,1,3,6
103,47,0,0,1,1,3,5
184,47,0,0,0,1,3,4
212,47,0,0,0,1,3,4
49,48,0,0,1,1,3,5
69,48,0,0,1,1,3,5
91,48,0,0,0,1,3,4
104,48,0,0,1,1,3,5
194,48,1,0,1,1,3,6
195,48,1,0,1,1,3,6
213,48,0,0,1,1,3,5
491,48,0,0,1,1,3,5
499,48,0,0,1,1,3,5
580,48,0,0,1,1,3,5
639,48,0,0,1,1,3,5
884,48,0,0,1,1,3,5
898,48,0,0,1,1,3,5
1126,48,0,0,1,1,3,5
69,49,0,0,1,1,3,5
91,49,0,0,0,1,3,4
104,49,0,0,1,1,3,5
194,49,0,0,1,1,3,5
195,49,0,0,1,1,3,5
213,49,0,0,1,1,3,5
491,49,0,0,1,1,3,5
499,49,0,0,1,1,3,5
580,49,0,0,1,1,3,5
639,49,0,0,1,1,3,5
884,49,0,0,1,1,3,5
898,49,0,0,1,1,3,5
1126,49,0,0,1,1,3,5
70,50,0,0,1,1,3,5
490,50,0,0,1,1,3,5
498,50,0,0,1,1,3,5
527,50,0,0,1,1,3,5
765,50,0,0,1,1,3,5
869,50,0,0,1,1,3,5
915,50,0,0,1,1,3,5
267,52,1,1,1,1,3,7
77,53,1,1,1,1,0,4
304,53,1,1,1,1,0,4
430,53,1,1,1,1,0,4
1231,53,1,1,1,1,0,4
1249,53,1,1,1,1,0,4
1309,53,1,1,1,1,0,4
241,54,1,1,1,1,3,7
396,54,0,0,1,1,3,5
518,54,0,0,1,1,3,5
586,54,0,0,1,1,3,5
645,54,0,0,1,1,3,5
726,54,0,0,1,0,3,4
750,54,0,0,1,1,3,5
1016,54,0,0,1,1,3,5
1109,54,0,0,1,1,3,5
254,55,1,1,1,1,3,7
121,56,1,1,1,1,0,4
330,56,1,1,1,1,0,4
334,56,1,1,1,1,0,4
613,56,1,1,1,1,0,4
812,56,1,1,1,1,0,4
1114,56,1,0,1,1,3,6
256,57,1,1,1,1,3,7
649,57,0,0,1,1,3,5
992,57,0,0,1,0,3,4
1057,57,0,0,1,1,3,5
1062,57,0,0,1,1,3,5
1099,57,0,0,1,1,3,5
1154,57,0,0,1,1,3,5
1215,57,1,1,1,1,0,4
153,58,1,1,1,1,3,7
300,58,1,1,1,1,3,7
408,58,1,1,1,1,3,7
96,60,0,0,1,1,3,5
432,60,0,0,1,1,3,5
458,60,0,0,1,1,3,5
524,60,0,0,1,1,3,5
636,60,0,0,1,1,3,5
998,60,0,0,0,1,3,4
1046,60,0,0,1,1,3,5
1142,60,0,0,1,1,3,5
1251,60,0,0,1,1,3,5
191,64,0,0,1,1,3,5
171,65,0,0,1,1,3,5
208,65,0,0,1,0,3,4
343,65,0,0,1,0,3,4
441,65,0,0,1,0,3,4
634,65,0,0,1,0,3,4
835,65,0,0,1,0,3,4
847,65,0,0,1,0,3,4
980,65,0,0,1,0,3,4
1054,65,0,0,1,0,3,4
192,66,0,0,1,1,3,5
209,66,0,0,1,1,3,5
347,66,0,0,0,1,3,4
583,66,0,0,0,1,3,4
1211,66,0,0,0,1,3,4
68,67,0,0,1,1,3,5
174,67,0,1,1,1,3,6
185,67,0,0,1,1,3,5
211,67,0,0,1,1,3,5
174,68,0,0,1,1,3,5
185,68,0,0,1,1,3,5
211,68,1,0,1,1,3,6
91,69,0,0,0,1,3,4
104,69,0,0,1,1,3,5
194,69,0,0,1,1,3,5
195,69,0,0,1,1,3,5
213,69,0,0,1,1,3,5
491,69,0,0,1,1,3,5
499,69,0,0,1,1,3,5
580,69,0,0,1,1,3,5
639,69,0,0,1,1,3,5
884,69,0,0,1,1,3,5
898,69,0,0,1,1,3,5
1126,69,0,0,1,1,3,5
490,70,0,0,1,1,3,5
498,70,0,0,1,1,3,5
527,70,0,0,1,1,3,5
765,70,0,0,1,1,3,5
869,70,0,0,1,1,3,5
915,70,0,0,1,1,3,5
247,71,1,1,1,1,3,7
282,71,1,1,1,0,3,6
285,71,1,1,1,0,3,6
1017,71,1,0,1,0,3,5
1145,71,1,0,1,0,3,5
1158,71,1,0,1,0,3,5
380,72,1,1,1,1,3,7
75,73,1,1,1,1,0,4
111,73,1,1,1,1,0,4
245,73,1,1,1,1,3,7
263,73,1,1,1,1,3,7
265,73,1,1,1,1,0,4
292,73,1,1,1,1,3,7
315,73,1,1,1,1,0,4
331,73,1,1,1,1,3,7
403,73,1,1,1,1,3,7
412,73,1,1,1,1,0,4
440,73,1,0,1,1,3,6
444,73,1,1,1,1,0,4
591,73,1,1,1,1,3,7
756,73,1,1,1,1,0,4
774,73,1,1,1,1,3,7
796,73,1,1,1,1,3,7
838,73,1,1,1,1,0,4
974,73,1,0,1,1,3,6
1004,73,1,0,1,1,3,6
1019,73,1,0,1,1,3,6
1066,73,1,0,1,1,3,6
1094,73,1,0,1,1,3,6
1140,73,1,0,1,1,3,6
1222,73,1,1,1,1,3,7
852,74,0,0,1,1,3,5
111,75,1,1,1,1,3,7
245,75,1,1,1,1,0,4
263,75,1,1,1,1,0,4
265,75,1,1,1,1,0,4
292,75,1,1,1,1,0,4
315,75,1,1,1,1,0,4
331,75,1,1,1,1,0,4
403,75,1,1,1,1,0,4
412,75,1,1,1,1,0,4
444,75,1,1,1,1,0,4
591,75,1,1,1,1,0,4
756,75,1,1,1,1,0,4
774,75,1,1,1,1,0,4
796,75,1,1,1,1,0,4
838,75,1,1,1,1,0,4
1222,75,1,1,1,1,0,4
304,77,1,1,1,1,3,7
430,77,1,1,1,1,3,7
1231,77,1,1,1,1,0,4
1249,77,1,1,1,1,0,4
1309,77,1,1,1,1,0,4
199,85,1,1,1,1,0,4
226,85,1,1,1,1,0,4
329,85,1,1,1,1,3,7
392,85,1,1,1,1,0,4
157,88,0,1,1,1,3,6
104,91,0,0,0,1,3,4
194,91,0,0,0,1,3,4
195,91,0,0,0,1,3,4
213,91,0,0,0,1,3,4
491,91,0,0,0,1,3,4
499,91,0,0,0,1,3,4
580,91,0,0,0,1,3,4
639,91,0,0,0,1,3,4
884,91,0,0,0,1,3,4
898,91,0,0,0,1,3,4
1126,91,0,0,0,1,3,4
109,93,0,0,1,1,3,5
163,93,0,0,1,1,3,5
232,93,0,0,1,1,3,5
266,93,0,0,0,1,3,4
289,93,0,0,0,1,3,4
323,93,0,0,0,1,3,4
349,93,0,0,0,1,3,4
397,93,0,0,0,1,3,4
481,93,0,0,0,1,3,4
671,93,0,0,0,1,3,4
867,93,0,0,1,1,3,5
908,93,0,0,0,1,3,4
927,93,0,0,0,1,3,4
946,93,0,0,0,1,3,4
953,93,0,0,0,1,3,4
960,93,0,0,0,1,3,4
1045,93,0,0,0,1,3,4
1098,93,0,0,0,1,3,4
1127,93,0,0,0,1,3,4
158,95,0,0,1,1,3,5
387,95,0,1,1,1,3,6
391,95,0,1,1,1,3,6
476,95,0,0,1,0,3,4
563,95,0,0,1,0,3,4
598,95,0,0,1,1,3,5
609,95,0,0,1,0,3,4
801,95,0,0,1,0,3,4
841,95,0,0,1,0,3,4
935,95,0,0,1,0,3,4
981,95,0,0,1,0,3,4
1043,95,0,0,1,1,3,5
1153,95,0,0,1,1,3,5
1248,95,0,1,1,1,3,6
432,96,0,0,1,1,3,5
458,96,0,0,1,1,3,5
524,96,0,0,1,1,3,5
636,96,0,0,1,1,3,5
998,96,0,0,0,1,3,4
1046,96,0,0,1,1,3,5
1142,96,0,0,1,1,3,5
1251,96,0,0,1,1,3,5
101,99,0,0,1,1,3,5
172,101,0,0,1,1,3,5
173,101,0,0,1,1,3,5
210,101,0,0,1,1,3,5
184,103,0,0,0,1,3,4
212,103,0,0,0,1,3,4
194,104,0,0,1,1,3,5
195,104,0,0,1,1,3,5
213,104,0,0,1,1,3,5
491,104,0,0,1,1,3,5
499,104,0,0,1,1,3,5
580,104,0,0,1,1,3,5
639,104,0,0,1,1,3,5
884,104,0,0,1,1,3,5
898,104,0,0,1,1,3,5
1126,104,0,0,1,1,3,5
163,109,0,1,1,1,3,6
232,109,0,1,1,1,3,6
266,109,0,0,0,1,3,4
289,109,0,0,0,1,3,4
323,109,0,0,0,1,3,4
349,109,0,0,0,1,3,4
397,109,0,0,0,1,3,4
481,109,0,0,0,1,3,4
671,109,1,0,0,1,3,5
867,109,0,0,1,1,3,5
908,109,0,0,0,1,3,4
927,109,0,0,0,1,3,4
946,109,0,0,0,1,3,4
953,109,0,0,0,1,3,4
960,109,0,0,0,1,3,4
1045,109,0,0,0,1,3,4
1098,109,0,0,0,1,3,4
1127,109,0,0,0,1,3,4
266,110,1,1,1,1,0,4
289,110,1,1,1,1,0,4
323,110,1,1,1,1,0,4
349,110,1,1,1,1,0,4
245,111,1,1,1,1,0,4
263,111,1,1,1,1,0,4
265,111,1,1,1,1,0,4
292,111,1,1,1,1,0,4
315,111,1,1,1,1,0,4
331,111,1,1,1,1,0,4
403,111,1,1,1,1,0,4
412,111,1,1,1,1,0,4
444,111,1,1,1,1,0,4
591,111,1,1,1,1,0,4
756,111,1,1,1,1,0,4
774,111,1,1,1,1,0,4
796,111,1,1,1,1,0,4
838,111,1,1,1,1,0,4
1222,111,1,1,1,1,0,4
206,114,1,1,1,1,3,7
1082,114,0,0,1,1,3,5
249,115,1,1,1,1,3,7
255,115,1,1,1,0,3,6
119,118,1,1,1,1,3,7
125,118,1,1,1,1,3,7
214,118,1,1,1,1,0,4
216,118,1,1,1,1,3,7
240,118,1,1,1,1,0,4
395,118,1,1,1,1,0,4
413,118,1,1,1,1,3,7
439,118,1,1,1,1,3,7
821,118,1,1,1,1,0,4
857,118,1,1,1,1,0,4
925,118,1,1,1,1,0,4
1001,118,1,1,1,1,0,4
1007,118,1,1,1,1,0,4
125,119,1,1,1,1,3,7
214,119,1,1,1,1,0,4
216,119,1,1,1,1,3,7
240,119,1,1,1,1,0,4
395,119,1,1,1,1,0,4
413,119,1,1,1,1,3,7
439,119,1,1,1,1,3,7
821,119,1,1,1,1,0,4
857,119,1,1,1,1,0,4
925,119,1,1,1,1,0,4
1001,119,1,1,1,1,0,4
1007,119,1,1,1,1,0,4
238,120,1,1,1,1,0,4
316,120,1,1,1,1,0,4
234,121,1,1,1,0,3,6
330,121,1,1,1,1,3,7
334,121,1,1,1,1,0,4
613,121,1,1,1,1,3,7
770,121,1,0,1,1,3,6
812,121,1,1,1,1,3,7
1086,121,1,0,1,1,3,6
197,122,1,1,1,1,0,4
233,122,1,1,1,1,0,4
239,122,1,1,1,1,3,7
264,122,1,1,1,1,0,4
278,122,1,1,1,1,0,4
283,122,1,1,1,1,0,4
457,122,1,1,1,1,0,4
607,123,1,1,1,1,0,4
630,123,1,0,1,1,3,6
1175,123,1,0,1,1,3,6
198,124,1,1,1,1,0,4
200,124,1,1,1,1,0,4
236,124,1,1,1,1,3,7
250,124,1,1,1,1,3,7
437,124,1,0,0,1,3,5
576,124,1,0,0,1,3,5
882,124,1,0,0,1,3,5
978,124,0,0,0,1,3,4
1080,124,1,0,0,1,3,5
1085,124,0,0,0,1,3,4
1178,124,1,0,0,1,3,5
214,125,1,1,1,1,0,4
216,125,1,1,1,1,3,7
240,125,1,1,1,1,0,4
395,125,1,1,1,1,0,4
413,125,1,1,1,1,3,7
439,125,1,1,1,1,3,7
821,125,1,1,1,1,0,4
857,125,1,1,1,1,0,4
925,125,1,1,1,1,0,4
1001,125,1,1,1,1,0,4
1007,125,1,1,1,1,0,4
305,136,1,1,1,1,0,4
706,136,0,0,1,1,3,5
869,136,0,0,1,1,3,5
1027,136,0,0,1,1,3,5
1227,136,1,1,1,1,0,4
395,148,1,1,1,0,3,6
402,148,1,0,1,0,3,5
418,148,1,1,1,1,3,7
857,148,1,1,1,0,3,6
973,148,1,0,1,0,3,5
1007,148,1,1,1,0,3,6
1011,148,1,0,1,0,3,5
1116,148,1,0,1,0,3,5
1151,148,1,0,1,0,3,5
284,149,1,1,1,1,3,7
297,149,1,1,1,0,3,6
312,149,1,1,1,0,3,6
324,149,1,1,1,0,3,6
365,149,1,1,1,0,3,6
610,149,0,0,1,0,3,4
617,149,0,0,1,0,3,4
665,149,0,0,1,0,3,4
709,149,0,0,1,0,3,4
714,149,0,0,1,0,3,4
829,149,0,0,1,0,3,4
912,149,0,0,1,0,3,4
1168,149,0,0,1,0,3,4
286,150,1,1,1,1,3,7
314,150,1,1,1,1,0,4
319,150,1,1,1,1,0,4
152,151,0,0,1,1,3,5
160,151,0,0,1,1,3,5
160,152,0,0,1,1,3,5
300,153,1,1,1,1,3,7
408,153,1,1,1,1,3,7
196,154,1,1,1,1,0,4
384,154,1,0,1,1,3,6
552,154,1,0,1,1,3,6
653,154,1,0,1,1,3,6
680,154,1,0,1,1,3,6
877,154,1,0,1,1,3,6
1196,154,1,0,1,1,3,6
1228,154,1,1,1,1,0,4
1284,154,1,0,1,1,3,6
242,155,1,1,1,1,3,7
376,155,0,0,1,0,3,4
438,155,0,1,1,0,3,5
448,155,0,1,1,0,3,5
459,155,0,0,1,1,3,5
722,155,0,1,1,1,3,6
1047,155,0,0,1,1,3,5
1055,155,0,0,1,1,3,5
1213,155,0,1,1,1,3,6
387,158,0,0,1,1,3,5
391,158,0,0,1,1,3,5
476,158,0,0,1,0,3,4
563,158,0,0,1,0,3,4
598,158,0,0,1,1,3,5
609,158,0,0,1,0,3,4
801,158,0,0,1,0,3,4
841,158,0,0,1,0,3,4
935,158,0,0,1,0,3,4
981,158,0,0,1,0,3,4
1043,158,0,0,1,1,3,5
1153,158,0,0,1,1,3,5
1248,158,0,0,1,1,3,5
232,163,1,1,1,1,3,7
266,163,0,0,0,1,3,4
289,163,0,0,0,1,3,4
323,163,0,0,0,1,3,4
349,163,0,0,0,1,3,4
397,163,0,0,0,1,3,4
481,163,0,0,0,1,3,4
671,163,0,0,0,1,3,4
867,163,0,0,1,1,3,5
908,163,0,0,0,1,3,4
927,163,0,0,0,1,3,4
946,163,0,0,0,1,3,4
953,163,0,0,0,1,3,4
960,163,0,0,0,1,3,4
1045,163,0,0,0,1,3,4
1098,163,0,0,0,1,3,4
1127,163,0,0,0,1,3,4
186,167,0,0,1,1,3,5
188,167,0,0,1,1,3,5
178,168,0,1,1,1,3,6
445,169,0,1,0,1,3,5
522,169,0,0,0,1,3,4
854,169,0,0,0,1,3,4
951,169,0,0,0,1,3,4
1231,169,0,0,0,1,3,4
208,171,0,0,1,0,3,4
343,171,0,0,1,0,3,4
441,171,0,0,1,0,3,4
634,171,0,0,1,0,3,4
835,171,0,0,1,0,3,4
847,171,0,0,1,0,3,4
980,171,0,0,1,0,3,4
1054,171,0,0,1,0,3,4
173,172,0,0,1,1,3,5
210,172,0,0,1,1,3,5
210,173,0,0,1,1,3,5
185,174,0,0,1,1,3,5
211,174,0,0,1,1,3,5
482,174,1,1,1,1,0,4
492,174,1,1,1,1,0,4
893,174,1,1,1,1,0,4
190,179,0,0,1,1,3,5
203,179,0,0,1,1,3,5
182,180,0,0,1,1,3,5
183,180,0,0,1,1,3,5
183,182,0,0,1,1,3,5
212,184,0,0,1,1,3,5
211,185,0,0,1,1,3,5
188,186,0,0,1,1,3,5
203,190,0,0,1,1,3,5
209,192,0,0,1,1,3,5
347,192,0,0,0,1,3,4
583,192,0,0,0,1,3,4
1211,192,0,0,0,1,3,4
195,194,1,0,1,1,3,6
213,194,0,1,1,1,3,6
491,194,0,0,1,1,3,5
499,194,0,0,1,1,3,5
580,194,0,0,1,1,3,5
639,194,0,0,1,1,3,5
884,194,0,0,1,1,3,5
898,194,0,0,1,1,3,5
1126,194,0,0,1,1,3,5
213,195,0,0,1,1,3,5
491,195,0,0,1,1,3,5
499,195,0,0,1,1,3,5
580,195,0,0,1,1,3,5
639,195,0,0,1,1,3,5
884,195,0,0,1,1,3,5
898,195,0,0,1,1,3,5
1126,195,0,0,1,1,3,5
1228,196,1,1,1,1,0,4
233,197,1,1,1,1,0,4
239,197,1,1,1,1,0,4
264,197,1,1,1,1,3,7
269,197,1,1,1,0,3,6
278,197,1,1,1,1,0,4
283,197,1,1,1,1,3,7
325,197,1,1,1,0,3,6
338,197,1,0,1,1,3,6
457,197,1,1,1,1,0,4
472,197,0,0,0,1,3,4
643,197,0,0,1,1,3,5
698,197,0,0,1,1,3,5
701,197,1,0,1,1,3,6
718,197,0,0,1,1,3,5
735,197,1,0,1,1,3,6
964,197,0,0,1,1,3,5
1063,197,0,0,1,1,3,5
1107,197,1,0,1,1,3,6
1119,197,1,0,1,1,3,6
1184,197,1,0,1,1,3,6
1283,197,0,0,1,1,3,5
200,198,1,1,1,1,3,7
236,198,1,1,1,1,0,4
250,198,1,1,1,1,0,4
226,199,1,1,1,1,0,4
329,199,1,1,1,1,0,4
392,199,1,1,1,1,3,7
420,199,0,0,1,1,3,5
534,199,0,0,1,1,3,5
554,199,0,0,1,1,3,5
633,199,0,0,1,1,3,5
700,199,0,0,1,1,3,5
791,199,0,0,1,1,3,5
875,199,0,0,1,1,3,5
975,199,0,0,1,1,3,5
1173,199,0,0,1,1,3,5
1232,199,0,1,1,1,3,6
1285,199,0,0,1,1,3,5
236,200,1,1,1,1,0,4
250,200,1,1,1,1,0,4
299,201,1,1,1,1,0,4
406,202,0,0,1,1,3,5
409,202,0,0,1,1,3,5
516,202,0,0,1,1,3,5
654,202,0,0,1,1,3,5
732,202,0,0,1,1,3,5
746,202,0,0,1,1,3,5
747,202,0,0,1,1,3,5
820,202,0,0,1,1,3,5
843,202,0,0,1,1,3,5
848,202,0,0,1,1,3,5
977,202,0,0,1,1,3,5
1067,202,0,0,1,1,3,5
1164,202,0,0,1,1,3,5
1249,202,0,1,1,1,3,6
257,204,1,1,1,1,3,7
526,204,1,0,1,0,3,5
539,204,1,0,1,0,3,5
686,204,1,0,1,1,3,6
950,204,1,0,1,1,3,6
1081,204,1,0,1,0,3,5
1159,204,1,0,1,0,3,5
1169,204,1,0,1,0,3,5
494,205,0,0,1,1,3,5
813,205,0,0,1,1,3,5
1082,206,0,0,1,1,3,5
293,207,1,1,1,1,3,7
335,207,0,0,1,1,3,5
1060,207,0,0,1,1,3,5
1110,207,0,0,1,1,3,5
343,208,0,1,1,1,3,6
441,208,0,1,1,1,3,6
634,208,0,1,1,1,3,6
835,208,0,1,1,1,3,6
847,208,0,1,1,1,3,6
980,208,0,0,1,1,3,5
1054,208,0,0,1,1,3,5
347,209,0,0,0,1,3,4
583,209,0,0,0,1,3,4
1211,209,0,0,0,1,3,4
491,213,0,0,1,1,3,5
499,213,0,0,1,1,3,5
580,213,0,0,1,1,3,5
639,213,0,0,1,1,3,5
884,213,0,0,1,1,3,5
898,213,0,0,1,1,3,5
1126,213,0,0,1,1,3,5
216,214,1,1,1,1,0,4
240,214,1,1,1,1,0,4
395,214,1,1,1,1,0,4
413,214,1,1,1,1,0,4
439,214,1,1,1,1,0,4
821,214,1,1,1,1,0,4
857,214,1,1,1,1,0,4
925,214,1,1,1,1,0,4
1001,214,1,1,1,1,0,4
1007,214,1,1,1,1,0,4
984,215,0,0,1,1,3,5
240,216,1,1,1,1,0,4
395,216,1,1,1,1,0,4
413,216,1,1,1,1,3,7
439,216,1,1,1,1,3,7
821,216,1,1,1,1,0,4
857,216,1,1,1,1,0,4
925,216,1,1,1,1,0,4
1001,216,1,1,1,1,0,4
1007,216,1,1,1,1,0,4
329,226,1,1,1,1,0,4
392,226,1,1,1,1,0,4
302,231,1,1,1,1,3,7
1075,231,0,0,1,1,3,5
1146,231,0,1,1,1,3,6
266,232,0,0,0,1,3,4
289,232,0,0,0,1,3,4
323,232,0,0,0,1,3,4
349,232,0,0,0,1,3,4
397,232,0,0,0,1,3,4
481,232,0,0,0,1,3,4
671,232,0,0,0,1,3,4
867,232,0,0,1,1,3,5
908,232,0,0,0,1,3,4
927,232,0,0,0,1,3,4
946,232,0,0,0,1,3,4
953,232,0,0,0,1,3,4
960,232,0,0,0,1,3,4
1045,232,0,0,0,1,3,4
1098,232,0,0,0,1,3,4
1127,232,0,0,0,1,3,4
239,233,1,1,1,1,0,4
264,233,1,1,1,1,0,4
278,233,1,1,1,1,3,7
283,233,1,1,1,1,0,4
457,233,1,1,1,1,3,7
330,234,1,1,1,0,3,6
613,234,1,1,1,0,3,6
770,234,1,0,1,0,3,5
812,234,1,1,1,0,3,6
1086,234,1,0,1,0,3,5
273,235,1,1,1,1,3,7
401,235,0,0,1,1,3,5
781,235,0,1,1,1,3,6
851,235,0,0,1,1,3,5
970,235,0,0,1,1,3,5
1091,235,0,0,0,1,3,4
1214,235,1,1,1,1,0,4
1239,235,1,1,1,1,0,4
250,236,1,1,1,1,3,7
437,236,1,0,0,1,3,5
576,236,1,0,0,1,3,5
882,236,1,0,0,1,3,5
978,236,0,0,0,1,3,4
1080,236,1,0,0,1,3,5
1085,236,0,0,0,1,3,4
1178,236,1,0,0,1,3,5
274,237,1,1,1,1,3,7
1024,237,1,0,1,1,3,6
1157,237,1,0,1,1,3,6
316,238,1,1,1,1,3,7
264,239,1,1,1,1,0,4
278,239,1,1,1,1,0,4
283,239,1,1,1,1,0,4
457,239,1,1,1,1,0,4
395,240,1,1,1,1,0,4
413,240,1,1,1,1,0,4
439,240,1,1,1,1,0,4
475,240,1,0,0,1,3,5
821,240,1,1,1,1,0,4
857,240,1,1,1,1,0,4
925,240,1,1,1,1,3,7
1001,240,1,1,1,1,0,4
1007,240,1,1,1,1,0,4
396,241,0,0,1,1,3,5
518,241,0,0,1,1,3,5
586,241,0,0,1,1,3,5
645,241,0,0,1,1,3,5
726,241,0,0,1,0,3,4
750,241,0,0,1,1,3,5
1016,241,0,0,1,1,3,5
1109,241,0,0,1,1,3,5
376,242,0,0,1,0,3,4
438,242,0,1,1,0,3,5
448,242,0,1,1,0,3,5
459,242,0,0,1,1,3,5
722,242,0,1,1,1,3,6
1047,242,0,0,1,1,3,5
1055,242,0,0,1,1,3,5
1213,242,0,1,1,1,3,6
263,245,1,1,1,1,3,7
265,245,1,1,1,1,0,4
292,245,1,1,1,1,3,7
315,245,1,1,1,1,0,4
331,245,1,1,1,1,3,7
403,245,1,1,1,1,3,7
412,245,1,1,1,1,0,4
440,245,1,0,1,1,3,6
444,245,1,1,1,1,0,4
591,245,1,1,1,1,3,7
756,245,1,1,1,1,0,4
774,245,1,1,1,1,3,7
796,245,1,1,1,1,3,7
838,245,1,1,1,1,0,4
974,245,1,0,1,1,3,6
1004,245,1,0,1,1,3,6
1019,245,1,0,1,1,3,6
1066,245,1,0,1,1,3,6
1094,245,1,0,1,1,3,6
1140,245,1,0,1,1,3,6
1222,245,1,1,1,1,3,7
282,247,1,1,1,0,3,6
285,247,1,1,1,0,3,6
1017,247,1,0,1,0,3,5
1145,247,1,0,1,0,3,5
1158,247,1,0,1,0,3,5
258,248,1,1,1,1,0,4
1230,248,1,1,1,1,0,4
255,249,1,1,1,0,3,6
437,250,1,0,0,1,3,5
576,250,1,0,0,1,3,5
882,250,1,0,0,1,3,5
978,250,0,0,0,1,3,4
1080,250,1,0,0,1,3,5
1085,250,0,0,0,1,3,4
1178,250,1,0,0,1,3,5
259,252,1,1,1,1,0,4
303,252,1,1,1,1,0,4
317,252,1,1,1,1,0,4
357,252,1,1,1,1,0,4
443,252,1,1,1,1,0,4
313,253,1,1,1,1,0,4
366,253,1,1,1,1,0,4
447,253,1,1,1,1,0,4
560,253,1,1,1,1,0,4
743,253,1,1,1,1,0,4
1008,253,1,1,1,1,0,4
1010,253,1,1,1,1,0,4
1074,253,1,1,1,1,0,4
1321,253,1,1,1,1,0,4
649,256,0,0,1,1,3,5
992,256,0,0,1,0,3,4
1057,256,0,0,1,1,3,5
1062,256,0,0,1,1,3,5
1099,256,0,0,1,1,3,5
1154,256,0,0,1,1,3,5
1215,256,1,1,1,1,0,4
526,257,1,0,1,0,3,5
539,257,1,0,1,0,3,5
686,257,1,0,1,1,3,6
950,257,1,0,1,1,3,6
1081,257,1,0,1,0,3,5
1159,257,1,0,1,0,3,5
1169,257,1,0,1,0,3,5
1230,258,1,1,1,1,0,4
303,259,1,1,1,1,3,7
317,259,1,1,1,1,3,7
357,259,1,1,1,1,3,7
435,259,0,0,1,1,3,5
443,259,1,1,1,1,3,7
608,259,0,0,1,1,3,5
777,259,0,1,1,1,3,6
958,259,0,0,1,1,3,5
1059,259,0,0,1,1,3,5
350,260,1,1,1,1,3,7
616,260,0,0,1,1,3,5
265,263,1,1,1,1,0,4
292,263,1,1,1,1,3,7
315,263,1,1,1,1,0,4
331,263,1,1,1,1,3,7
403,263,1,1,1,1,3,7
412,263,1,1,1,1,0,4
440,263,1,0,1,1,3,6
444,263,1,1,1,1,0,4
591,263,1,1,1,1,3,7
756,263,1,1,1,1,0,4
774,263,1,1,1,1,3,7
796,263,1,1,1,1,3,7
838,263,1,1,1,1,0,4
974,263,1,0,1,1,3,6
1004,263,1,0,1,1,3,6
1019,263,1,0,1,1,3,6
1066,263,1,0,1,1,3,6
1094,263,1,0,1,1,3,6
1140,263,1,0,1,1,3,6
1222,263,1,1,1,1,3,7
269,264,1,1,1,0,3,6
278,264,1,1,1,1,0,4
283,264,1,1,1,1,3,7
325,264,1,1,1,0,3,6
338,264,1,0,1,1,3,6
457,264,1,1,1,1,0,4
472,264,0,0,0,1,3,4
643,264,0,0,1,1,3,5
698,264,0,0,1,1,3,5
701,264,1,0,1,1,3,6
718,264,0,0,1,1,3,5
735,264,1,0,1,1,3,6
964,264,0,0,1,1,3,5
1063,264,0,0,1,1,3,5
1107,264,1,0,1,1,3,6
1119,264,1,0,1,1,3,6
1184,264,1,0,1,1,3,6
1283,264,0,0,1,1,3,5
292,265,1,1,1,1,0,4
315,265,1,1,1,1,0,4
331,265,1,1,1,1,0,4
403,265,1,1,1,1,0,4
412,265,1,1,1,1,3,7
444,265,1,1,1,1,3,7
591,265,1,1,1,1,0,4
756,265,1,1,1,1,0,4
774,265,1,1,1,1,0,4
796,265,1,1,1,1,0,4
838,265,1,1,1,1,0,4
1222,265,1,1,1,1,0,4
289,266,1,1,1,1,3,7
323,266,1,1,1,1,3,7
349,266,1,1,1,1,3,7
397,266,0,0,1,1,3,5
481,266,0,0,1,1,3,5
671,266,0,0,1,1,3,5
867,266,0,0,0,1,3,4
908,266,0,0,1,1,3,5
927,266,0,0,1,1,3,5
946,266,0,0,1,1,3,5
953,266,0,0,1,1,3,5
960,266,0,0,1,1,3,5
1045,266,0,0,1,1,3,5
1098,266,0,0,1,1,3,5
1127,266,0,0,1,1,3,5
421,268,1,1,1,1,3,7
283,269,1,1,1,0,3,6
325,269,1,1,1,1,3,7
338,269,1,0,1,0,3,5
643,269,0,0,1,0,3,4
698,269,0,0,1,0,3,4
701,269,1,0,1,0,3,5
718,269,0,0,1,0,3,4
735,269,1,0,1,0,3,5
964,269,0,0,1,0,3,4
1063,269,0,0,1,0,3,4
1107,269,1,0,1,0,3,5
1119,269,1,0,1,0,3,5
1184,269,1,0,1,0,3,5
1283,269,0,0,1,0,3,4
401,273,0,0,1,1,3,5
781,273,0,1,1,1,3,6
851,273,0,0,1,1,3,5
970,273,0,0,1,1,3,5
1091,273,0,0,0,1,3,4
1214,273,1,1,1,1,0,4
1239,273,1,1,1,1,0,4
1024,274,1,0,1,1,3,6
1157,274,1,0,1,1,3,6
283,278,1,1,1,1,0,4
457,278,1,1,1,1,3,7
344,279,0,0,1,1,3,5
354,279,0,1,1,1,3,6
640,279,0,0,1,1,3,5
779,279,0,0,1,1,3,5
961,279,0,0,1,1,3,5
1056,279,0,0,0,1,3,4
1093,279,0,0,1,1,3,5
1112,279,0,0,1,1,3,5
1172,279,0,0,1,1,3,5
1174,279,0,0,1,1,3,5
285,282,1,1,1,1,3,7
1017,282,1,0,1,1,3,6
1145,282,1,0,1,1,3,6
1158,282,1,0,1,1,3,6
325,283,1,1,1,0,3,6
338,283,1,0,1,1,3,6
457,283,1,1,1,1,0,4
472,283,0,0,0,1,3,4
643,283,0,0,1,1,3,5
698,283,0,0,1,1,3,5
701,283,1,0,1,1,3,6
718,283,0,0,1,1,3,5
735,283,1,0,1,1,3,6
964,283,0,0,1,1,3,5
1063,283,0,0,1,1,3,5
1107,283,1,0,1,1,3,6
1119,283,1,0,1,1,3,6
1184,283,1,0,1,1,3,6
1283,283,0,0,1,1,3,5
297,284,1,1,1,0,3,6
312,284,1,1,1,0,3,6
324,284,1,1,1,0,3,6
365,284,1,1,1,0,3,6
610,284,0,0,1,0,3,4
617,284,0,0,1,0,3,4
665,284,0,0,1,0,3,4
709,284,0,0,1,0,3,4
714,284,0,0,1,0,3,4
829,284,0,0,1,0,3,4
912,284,0,0,1,0,3,4
1168,284,0,0,1,0,3,4
1017,285,1,0,1,1,3,6
1145,285,1,0,1,1,3,6
1158,285,1,0,1,1,3,6
314,286,1,1,1,1,0,4
319,286,1,1,1,1,0,4
323,289,1,1,1,1,3,7
349,289,1,1,1,1,3,7
397,289,0,0,1,1,3,5
481,289,0,0,1,1,3,5
671,289,0,0,1,1,3,5
867,289,0,0,0,1,3,4
908,289,0,0,1,1,3,5
927,289,0,0,1,1,3,5
946,289,0,0,1,1,3,5
953,289,0,0,1,1,3,5
960,289,0,0,1,1,3,5
1045,289,0,0,1,1,3,5
1098,289,0,0,1,1,3,5
1127,289,0,0,1,1,3,5
315,292,1,1,1,1,0,4
331,292,1,1,1,1,3,7
403,292,1,1,1,1,3,7
412,292,1,1,1,1,0,4
440,292,1,0,1,1,3,6
444,292,1,1,1,1,0,4
591,292,1,1,1,1,3,7
756,292,1,1,1,1,0,4
774,292,1,1,1,1,3,7
796,292,1,1,1,1,3,7
838,292,1,1,1,1,0,4
974,292,1,0,1,1,3,6
1004,292,1,0,1,1,3,6
1019,292,1,0,1,1,3,6
1066,292,1,0,1,1,3,6
1094,292,1,0,1,1,3,6
1140,292,1,0,1,1,3,6
1222,292,1,1,1,1,3,7
335,293,0,0,1,1,3,5
1060,293,0,0,1,1,3,5
1110,293,0,0,1,1,3,5
298,295,1,1,1,1,0,4
312,297,1,1,1,1,3,7
324,297,1,1,1,1,3,7
365,297,1,1,1,1,3,7
610,297,0,0,1,1,3,5
617,297,0,0,1,1,3,5
665,297,0,0,1,1,3,5
709,297,0,0,1,1,3,5
714,297,0,0,1,1,3,5
829,297,0,0,1,1,3,5
912,297,0,0,1,1,3,5
1168,297,0,0,1,1,3,5
1254,297,1,1,1,1,0,4
1165,299,0,0,0,1,3,4
1180,299,0,0,0,1,3,4
408,300,1,1,1,1,3,7
1075,302,0,0,1,1,3,5
1146,302,0,1,1,1,3,6
317,303,1,1,1,1,3,7
357,303,1,1,1,1,3,7
435,303,0,0,1,1,3,5
443,303,1,1,1,1,3,7
608,303,0,0,1,1,3,5
777,303,0,1,1,1,3,6
958,303,0,0,1,1,3,5
1059,303,0,0,1,1,3,5
430,304,1,1,1,1,3,7
1231,304,1,1,1,1,0,4
1249,304,1,1,1,1,0,4
1309,304,1,1,1,1,0,4
369,305,0,0,1,1,3,5
427,305,0,0,1,1,3,5
740,305,0,0,1,1,3,5
1227,305,1,1,1,1,3,7
1272,305,0,0,1,1,3,5
595,306,0,0,1,1,3,5
660,306,0,0,1,1,3,5
1221,306,0,0,1,0,3,4
1255,306,0,0,1,1,3,5
446,307,1,1,1,1,3,7
388,310,0,1,1,1,3,6
324,312,1,1,1,1,3,7
365,312,1,1,1,1,3,7
610,312,0,0,1,1,3,5
617,312,0,0,1,1,3,5
665,312,0,0,1,1,3,5
709,312,0,0,1,1,3,5
714,312,0,0,1,1,3,5
829,312,0,0,1,1,3,5
912,312,0,0,1,1,3,5
1168,312,0,0,1,1,3,5
1254,312,1,1,1,1,0,4
366,313,1,1,1,1,3,7
447,313,1,1,1,1,3,7
560,313,1,1,1,1,0,4
743,313,1,1,1,1,0,4
1008,313,1,1,1,1,0,4
1010,313,1,1,1,1,0,4
1074,313,1,1,1,1,0,4
1321,313,1,1,1,1,0,4
319,314,1,1,1,1,3,7
664,314,0,0,1,1,3,5
695,314,0,0,0,1,3,4
1072,314,0,0,1,1,3,5
331,315,1,1,1,1,0,4
403,315,1,1,1,1,0,4
412,315,1,1,1,1,0,4
444,315,1,1,1,1,0,4
591,315,1,1,1,1,0,4
756,315,1,1,1,1,0,4
774,315,1,1,1,1,0,4
796,315,1,1,1,1,0,4
838,315,1,1,1,1,0,4
1222,315,1,1,1,1,0,4
357,317,1,1,1,1,3,7
435,317,0,0,1,1,3,5
443,317,1,1,1,1,3,7
608,317,0,0,1,1,3,5
777,317,0,1,1,1,3,6
958,317,0,0,1,1,3,5
1059,317,0,0,1,1,3,5
664,319,0,0,1,1,3,5
695,319,0,0,0,1,3,4
1072,319,0,0,1,1,3,5
349,323,1,1,1,1,3,7
397,323,0,0,1,1,3,5
481,323,0,0,1,1,3,5
671,323,0,0,1,1,3,5
867,323,0,0,0,1,3,4
908,323,0,0,1,1,3,5
927,323,0,0,1,1,3,5
946,323,0,0,1,1,3,5
953,323,0,0,1,1,3,5
960,323,0,0,1,1,3,5
1045,323,0,0,1,1,3,5
1098,323,0,0,1,1,3,5
1127,323,0,0,1,1,3,5
365,324,1,1,1,1,3,7
610,324,0,0,1,1,3,5
617,324,0,0,1,1,3,5
665,324,0,0,1,1,3,5
709,324,0,0,1,1,3,5
714,324,0,0,1,1,3,5
829,324,0,0,1,1,3,5
912,324,0,0,1,1,3,5
1168,324,0,0,1,1,3,5
1254,324,1,1,1,1,0,4
338,325,1,0,1,0,3,5
643,325,0,0,1,0,3,4
698,325,0,0,1,0,3,4
701,325,1,0,1,0,3,5
718,325,0,0,1,0,3,4
735,325,1,0,1,0,3,5
964,325,0,0,1,0,3,4
1063,325,0,0,1,0,3,4
1107,325,1,0,1,0,3,5
1119,325,1,0,1,0,3,5
1184,325,1,0,1,0,3,5
1283,325,0,0,1,0,3,4
1078,326,1,0,1,1,3,6
415,327,1,1,1,1,0,4
637,327,1,1,1,1,0,4
683,327,1,1,1,1,0,4
724,327,1,1,1,1,0,4
818,327,1,1,1,1,0,4
832,327,1,1,1,1,0,4
836,327,1,1,1,1,0,4
959,327,1,1,1,1,0,4
411,328,1,1,1,1,3,7
392,329,1,1,1,1,0,4
334,330,1,1,1,1,0,4
613,330,1,1,1,1,3,7
770,330,1,0,1,1,3,6
812,330,1,1,1,1,3,7
1086,330,1,0,1,1,3,6
403,331,1,1,1,1,3,7
412,331,1,1,1,1,0,4
440,331,1,0,1,1,3,6
444,331,1,1,1,1,0,4
591,331,1,1,1,1,3,7
756,331,1,1,1,1,0,4
774,331,1,1,1,1,3,7
796,331,1,1,1,1,3,7
838,331,1,1,1,1,0,4
974,331,1,0,1,1,3,6
1004,331,1,0,1,1,3,6
1019,331,1,0,1,1,3,6
1066,331,1,0,1,1,3,6
1094,331,1,0,1,1,3,6
1140,331,1,0,1,1,3,6
1222,331,1,1,1,1,3,7
502,332,1,0,1,0,3,5
546,332,1,1,1,1,3,7
562,332,1,0,1,1,3,6
1013,332,1,0,1,1,3,6
1128,332,0,0,1,0,3,4
1138,332,1,0,1,1,3,6
860,333,0,1,1,1,3,6
370,334,0,1,0,1,3,5
428,334,0,1,0,1,3,5
613,334,1,1,1,1,0,4
812,334,1,1,1,1,0,4
939,334,0,0,1,1,3,5
1060,335,1,0,1,1,3,6
1110,335,1,0,1,1,3,6
472,338,0,0,0,1,3,4
643,338,0,0,1,1,3,5
698,338,0,0,1,1,3,5
701,338,1,0,1,1,3,6
718,338,0,0,1,1,3,5
735,338,1,0,1,1,3,6
964,338,0,0,1,1,3,5
1063,338,0,0,1,1,3,5
1107,338,1,0,1,1,3,6
1119,338,1,0,1,1,3,6
1184,338,1,0,1,1,3,6
1283,338,0,0,1,1,3,5
345,339,0,0,1,1,3,5
664,340,1,1,1,1,0,4
1015,340,1,0,1,1,3,6
1072,340,1,1,1,1,0,4
399,341,0,0,1,0,3,4
431,341,0,0,1,0,3,4
455,341,0,0,1,0,3,4
462,341,1,1,1,1,0,4
465,341,0,0,1,0,3,4
478,341,1,1,1,1,3,7
668,341,1,1,1,1,0,4
755,341,1,1,1,1,0,4
763,341,1,1,1,1,0,4
1151,341,1,1,1,1,0,4
441,343,1,1,1,1,3,7
461,343,1,1,1,1,0,4
634,343,1,1,1,1,3,7
835,343,1,1,1,1,3,7
847,343,1,1,1,1,3,7
943,343,1,1,1,1,0,4
980,343,1,0,1,1,3,6
1054,343,1,0,1,1,3,6
354,344,1,0,1,1,3,6
640,344,1,0,1,1,3,6
779,344,1,0,1,1,3,6
961,344,1,0,1,1,3,6
1056,344,1,0,0,1,3,5
1093,344,1,0,1,1,3,6
1112,344,1,0,1,1,3,6
1172,344,1,0,1,1,3,6
1174,344,1,0,1,1,3,6
407,346,0,0,1,0,3,4
417,346,0,0,1,0,3,4
583,347,1,0,1,1,3,6
1211,347,1,0,1,1,3,6
384,348,1,1,1,1,0,4
460,348,1,1,1,1,0,4
477,348,1,1,1,1,3,7
486,348,1,1,1,1,0,4
552,348,1,1,1,1,0,4
680,348,1,1,1,1,0,4
1163,348,1,1,1,1,0,4
1196,348,1,1,1,1,0,4
1284,348,1,1,1,1,0,4
397,349,0,0,1,1,3,5
481,349,0,0,1,1,3,5
671,349,0,0,1,1,3,5
867,349,0,0,0,1,3,4
908,349,0,0,1,1,3,5
927,349,0,0,1,1,3,5
946,349,0,0,1,1,3,5
953,349,0,0,1,1,3,5
960,349,0,0,1,1,3,5
1045,349,0,0,1,1,3,5
1098,349,0,0,1,1,3,5
1127,349,0,0,1,1,3,5
616,350,0,0,1,1,3,5
410,351,0,0,1,1,3,5
434,351,0,0,1,1,3,5
574,351,0,0,0,1,3,4
666,351,0,0,1,1,3,5
749,351,0,0,0,1,3,4
786,351,0,0,1,1,3,5
807,351,0,0,0,1,3,4
907,351,0,0,1,1,3,5
949,351,0,0,1,1,3,5
1012,351,0,0,1,0,3,4
1018,351,0,0,1,1,3,5
1041,351,0,0,1,1,3,5
1156,351,0,1,0,1,3,5
1167,351,0,0,1,1,3,5
1194,351,1,1,1,1,0,4
449,353,0,1,1,1,3,6
533,353,0,1,1,1,3,6
850,353,0,0,1,1,3,5
853,353,0,0,1,1,3,5
1048,353,0,0,1,1,3,5
1100,353,0,0,1,1,3,5
640,354,1,0,1,1,3,6
779,354,1,0,1,1,3,6
961,354,1,0,1,1,3,6
1056,354,1,0,0,1,3,5
1093,354,1,0,1,1,3,6
1112,354,1,0,1,1,3,6
1172,354,1,0,1,1,3,6
1174,354,1,0,1,1,3,6
435,357,0,0,1,1,3,5
443,357,1,1,1,1,3,7
608,357,0,0,1,1,3,5
777,357,0,1,1,1,3,6
958,357,0,0,1,1,3,5
1059,357,0,0,1,1,3,5
396,358,0,0,1,0,3,4
518,358,0,0,1,0,3,4
586,358,0,0,1,0,3,4
645,358,0,0,1,0,3,4
726,358,0,0,1,0,3,4
750,358,0,0,1,0,3,4
1016,358,0,0,1,0,3,4
1109,358,0,0,1,0,3,4
367,363,1,1,1,1,0,4
479,363,1,1,1,1,0,4
603,363,1,1,1,1,0,4
647,363,1,1,1,1,0,4
861,363,1,1,1,1,0,4
909,363,1,1,1,1,0,4
914,363,1,1,1,1,0,4
964,363,1,1,1,1,0,4
1040,363,1,1,1,1,0,4
1090,363,1,1,1,1,0,4
1179,363,1,1,1,1,3,7
385,364,0,0,1,0,3,4
1271,364,1,1,1,1,0,4
1290,364,1,1,1,1,3,7
610,365,0,0,1,1,3,5
617,365,0,0,1,1,3,5
665,365,0,0,1,1,3,5
709,365,0,0,1,1,3,5
714,365,0,0,1,1,3,5
829,365,0,0,1,1,3,5
912,365,0,0,1,1,3,5
1168,365,0,0,1,1,3,5
1254,365,1,1,1,1,0,4
447,366,1,1,1,1,3,7
560,366,1,1,1,1,0,4
743,366,1,1,1,1,0,4
1008,366,1,1,1,1,0,4
1010,366,1,1,1,1,0,4
1074,366,1,1,1,1,0,4
1321,366,1,1,1,1,0,4
479,367,1,1,1,1,3,7
603,367,1,1,1,1,0,4
647,367,1,1,1,1,0,4
861,367,1,1,1,1,0,4
909,367,1,1,1,1,0,4
914,367,1,1,1,1,0,4
964,367,1,1,1,1,0,4
1040,367,1,1,1,1,0,4
1090,367,1,1,1,1,0,4
1179,367,1,1,1,1,0,4
466,368,1,1,1,1,3,7
661,368,0,1,1,1,3,6
687,368,0,1,1,1,3,6
959,368,1,1,1,0,3,6
427,369,1,0,1,1,3,6
740,369,1,0,1,1,3,6
1227,369,0,0,1,1,3,5
1272,369,1,0,1,1,3,6
428,370,1,1,1,1,3,7
939,370,1,0,0,1,3,5
438,376,0,0,1,0,3,4
448,376,0,0,1,0,3,4
459,376,1,0,1,0,3,5
722,376,1,0,1,0,3,5
1047,376,1,0,1,0,3,5
1055,376,1,0,1,0,3,5
1213,376,1,0,1,0,3,5
1177,377,1,0,1,1,3,6
398,381,1,0,1,1,3,6
846,381,0,0,0,1,3,4
914,381,1,0,0,1,3,5
1119,381,0,0,0,1,3,4
789,383,1,1,1,1,0,4
889,383,1,1,1,1,0,4
1092,383,1,0,1,1,3,6
460,384,1,1,1,1,0,4
477,384,1,1,1,1,0,4
486,384,1,1,1,1,0,4
552,384,1,1,1,1,3,7
653,384,1,0,1,1,3,6
680,384,1,1,1,1,3,7
877,384,1,0,1,1,3,6
1163,384,1,1,1,1,0,4
1196,384,1,1,1,1,3,7
1284,384,1,1,1,1,3,7
1290,385,0,0,1,0,3,4
391,387,1,1,1,1,3,7
476,387,0,0,1,0,3,4
563,387,0,0,1,0,3,4
598,387,0,0,1,1,3,5
609,387,0,0,1,0,3,4
801,387,0,0,1,0,3,4
841,387,0,0,1,0,3,4
935,387,0,0,1,0,3,4
981,387,0,0,1,0,3,4
1043,387,0,0,1,1,3,5
1153,387,0,0,1,1,3,5
1248,387,0,1,1,1,3,6
476,391,0,0,1,0,3,4
563,391,0,0,1,0,3,4
598,391,0,0,1,1,3,5
609,391,0,0,1,0,3,4
801,391,0,0,1,0,3,4
841,391,0,0,1,0,3,4
935,391,0,0,1,0,3,4
981,391,0,0,1,0,3,4
1043,391,0,0,1,1,3,5
1153,391,0,0,1,1,3,5
1248,391,0,1,1,1,3,6
420,392,0,0,1,1,3,5
534,392,0,0,1,1,3,5
554,392,0,0,1,1,3,5
633,392,0,0,1,1,3,5
700,392,0,0,1,1,3,5
791,392,0,0,1,1,3,5
875,392,0,0,1,1,3,5
975,392,0,0,1,1,3,5
1173,392,0,0,1,1,3,5
1232,392,0,1,1,1,3,6
1285,392,0,0,1,1,3,5
402,395,1,0,1,1,3,6
413,395,1,1,1,1,0,4
418,395,1,1,1,0,3,6
439,395,1,1,1,1,0,4
821,395,1,1,1,1,0,4
857,395,1,1,1,1,3,7
925,395,1,1,1,1,0,4
973,395,1,0,1,1,3,6
1001,395,1,1,1,1,0,4
1007,395,1,1,1,1,3,7
1011,395,1,0,1,1,3,6
1116,395,1,0,1,1,3,6
1151,395,1,0,1,1,3,6
518,396,1,0,1,1,3,6
586,396,1,0,1,1,3,6
645,396,1,0,1,1,3,6
726,396,1,0,1,0,3,5
750,396,1,0,1,1,3,6
1016,396,1,0,1,1,3,6
1109,396,1,0,1,1,3,6
481,397,1,1,1,1,3,7
671,397,0,1,1,1,3,6
834,397,1,1,1,1,0,4
867,397,0,0,0,1,3,4
908,397,1,1,1,1,3,7
927,397,1,1,1,1,3,7
946,397,0,0,1,1,3,5
953,397,0,0,1,1,3,5
960,397,1,0,1,1,3,6
1045,397,0,1,1,1,3,6
1053,397,1,1,1,1,0,4
1098,397,1,1,1,1,3,7
1127,397,1,0,1,1,3,6
846,398,0,0,0,1,3,4
914,398,1,0,0,1,3,5
1119,398,0,0,0,1,3,4
431,399,1,1,1,1,3,7
455,399,1,1,1,1,3,7
465,399,1,1,1,1,3,7
478,399,0,0,1,0,3,4
404,400,1,0,1,1,3,6
415,400,1,0,1,1,3,6
495,400,1,0,1,1,3,6
674,400,0,0,1,1,3,5
818,400,1,0,1,1,3,6
836,400,1,0,1,1,3,6
845,400,1,0,1,1,3,6
856,400,0,0,1,1,3,5
872,400,1,0,1,1,3,6
906,400,0,0,1,1,3,5
1026,400,0,0,1,1,3,5
781,401,1,0,1,1,3,6
851,401,1,0,1,1,3,6
970,401,1,0,1,1,3,6
1091,401,1,0,0,1,3,5
418,402,1,0,1,0,3,5
857,402,1,0,1,1,3,6
973,402,1,0,1,1,3,6
1007,402,1,0,1,1,3,6
1011,402,1,0,1,1,3,6
1116,402,1,0,1,1,3,6
1151,402,1,0,1,1,3,6
412,403,1,1,1,1,0,4
440,403,1,0,1,1,3,6
444,403,1,1,1,1,0,4
591,403,1,1,1,1,3,7
756,403,1,1,1,1,0,4
774,403,1,1,1,1,3,7
796,403,1,1,1,1,3,7
838,403,1,1,1,1,0,4
974,403,1,0,1,1,3,6
1004,403,1,0,1,1,3,6
1019,403,1,0,1,1,3,6
1066,403,1,0,1,1,3,6
1094,403,1,0,1,1,3,6
1140,403,1,0,1,1,3,6
1222,403,1,1,1,1,3,7
415,404,1,0,1,1,3,6
495,404,1,1,1,1,3,7
674,404,0,0,1,1,3,5
818,404,1,0,1,1,3,6
836,404,1,0,1,1,3,6
845,404,1,0,1,1,3,6
856,404,0,0,1,1,3,5
872,404,1,0,1,1,3,6
906,404,0,1,1,1,3,6
1026,404,0,1,1,1,3,6
420,405,1,1,1,1,0,4
429,405,1,1,1,1,0,4
509,405,1,1,1,1,0,4
534,405,1,1,1,1,0,4
554,405,1,1,1,1,0,4
584,405,1,1,1,1,0,4
633,405,1,1,1,1,0,4
700,405,1,1,1,1,0,4
753,405,1,1,1,1,0,4
811,405,1,1,1,1,0,4
822,405,1,1,1,1,0,4
824,405,1,1,1,1,0,4
826,405,1,1,1,1,0,4
875,405,1,1,1,1,0,4
928,405,1,0,1,1,3,6
932,405,1,1,1,1,0,4
975,405,1,1,1,1,0,4
1002,405,1,1,1,1,0,4
1038,405,1,1,1,1,0,4
1105,405,1,0,1,1,3,6
1173,405,1,1,1,1,0,4
409,406,1,1,1,1,3,7
516,406,1,1,1,1,3,7
522,406,1,1,1,1,0,4
654,406,1,1,1,1,3,7
662,406,1,1,1,1,0,4
732,406,1,1,1,1,3,7
746,406,0,0,1,1,3,5
747,406,0,1,1,1,3,6
773,406,1,1,1,1,0,4
820,406,1,1,1,1,3,7
843,406,1,1,1,1,3,7
848,406,1,1,1,1,3,7
854,406,1,1,1,1,0,4
941,406,1,1,1,1,0,4
951,406,1,1,1,1,0,4
977,406,1,1,1,1,3,7
994,406,1,1,1,1,0,4
1000,406,1,1,1,1,0,4
1031,406,1,1,1,1,0,4
1067,406,1,0,1,1,3,6
1084,406,1,1,1,1,0,4
1135,406,1,1,1,1,0,4
1141,406,1,1,1,1,0,4
1164,406,1,1,1,1,3,7
1249,406,1,0,1,1,3,6
417,407,1,1,1,1,3,7
516,409,1,1,1,1,3,7
522,409,1,1,1,1,0,4
654,409,1,1,1,1,3,7
662,409,1,1,1,1,0,4
732,409,1,1,1,1,3,7
746,409,0,0,1,1,3,5
747,409,0,1,1,1,3,6
773,409,1,1,1,1,0,4
820,409,1,1,1,1,3,7
843,409,1,1,1,1,3,7
848,409,1,1,1,1,3,7
854,409,1,1,1,1,0,4
941,409,1,1,1,1,0,4
951,409,1,1,1,1,0,4
977,409,1,1,1,1,3,7
994,409,1,1,1,1,0,4
1000,409,1,1,1,1,0,4
1031,409,1,1,1,1,0,4
1067,409,1,0,1,1,3,6
1084,409,1,1,1,1,0,4
1135,409,1,1,1,1,0,4
1141,409,1,1,1,1,0,4
1164,409,1,1,1,1,3,7
1249,409,1,0,1,1,3,6
434,410,1,0,1,1,3,6
574,410,1,0,0,1,3,5
666,410,1,0,1,1,3,6
749,410,1,0,0,1,3,5
786,410,1,0,1,1,3,6
807,410,1,0,0,1,3,5
907,410,1,0,1,1,3,6
949,410,1,0,1,1,3,6
1012,410,1,0,1,0,3,5
1018,410,1,0,1,1,3,6
1041,410,1,0,1,1,3,6
1156,410,1,0,0,1,3,5
1167,410,1,0,1,1,3,6
444,412,1,1,1,1,3,7
591,412,1,1,1,1,0,4
756,412,1,1,1,1,0,4
774,412,1,1,1,1,0,4
796,412,1,1,1,1,0,4
838,412,1,1,1,1,0,4
1222,412,1,1,1,1,0,4
439,413,1,1,1,1,3,7
821,413,1,1,1,1,0,4
857,413,1,1,1,1,0,4
925,413,1,1,1,1,0,4
1001,413,1,1,1,1,0,4
1007,413,1,1,1,1,0,4
495,415,1,0,1,1,3,6
637,415,1,1,1,1,0,4
674,415,0,1,1,1,3,6
683,415,1,1,1,1,0,4
724,415,1,1,1,1,0,4
818,415,1,1,1,1,3,7
832,415,1,1,1,1,0,4
836,415,1,1,1,1,3,7
845,415,1,0,1,1,3,6
856,415,0,1,1,1,3,6
872,415,1,0,1,1,3,6
906,415,0,0,1,1,3,5
959,415,1,1,1,1,0,4
1026,415,0,0,1,1,3,5
523,416,1,0,1,1,3,6
883,416,1,1,1,1,0,4
1030,416,0,1,1,1,3,6
857,418,1,1,1,0,3,6
973,418,1,0,1,0,3,5
1007,418,1,1,1,0,3,6
1011,418,1,0,1,0,3,5
1116,418,1,0,1,0,3,5
1151,418,1,0,1,0,3,5
540,419,0,0,1,1,3,5
551,419,0,0,1,1,3,5
752,419,1,0,1,1,3,6
429,420,1,1,1,1,0,4
509,420,1,1,1,1,0,4
534,420,1,1,1,1,3,7
554,420,1,1,1,1,3,7
584,420,1,1,1,1,0,4
633,420,1,1,1,1,3,7
700,420,1,1,1,1,3,7
753,420,1,1,1,1,0,4
791,420,1,0,1,1,3,6
811,420,1,1,1,1,0,4
822,420,1,1,1,1,0,4
824,420,1,1,1,1,0,4
826,420,1,1,1,1,0,4
875,420,1,1,1,1,3,7
932,420,1,1,1,1,0,4
975,420,1,1,1,1,3,7
1002,420,1,1,1,1,0,4
1038,420,1,1,1,1,0,4
1173,420,1,1,1,1,3,7
1232,420,1,0,1,1,3,6
1285,420,1,0,1,1,3,6
505,422,1,1,1,1,3,7
986,422,0,0,0,1,3,4
1129,422,1,1,0,1,3,6
508,423,1,0,1,1,3,6
442,425,1,1,0,1,3,6
489,425,1,1,0,1,3,6
538,425,1,1,1,1,3,7
917,425,1,1,0,1,3,6
1058,425,1,1,0,1,3,6
473,426,1,0,1,1,3,6
487,426,0,1,1,1,3,6
663,426,1,1,1,1,0,4
678,426,1,1,1,1,0,4
697,426,1,1,1,1,3,7
716,426,1,1,1,1,0,4
721,426,1,1,1,1,0,4
733,426,1,1,1,1,0,4
745,426,1,1,1,1,3,7
768,426,1,1,1,1,0,4
918,426,1,1,1,1,0,4
933,426,1,1,1,1,3,7
956,426,0,0,1,1,3,5
962,426,1,1,1,1,0,4
990,426,1,1,1,1,0,4
1020,426,1,0,1,1,3,6
1025,426,1,1,1,1,0,4
1073,426,1,1,1,1,0,4
1074,426,1,0,1,1,3,6
1103,426,1,1,1,1,0,4
1166,426,1,1,1,1,3,7
1181,426,1,1,1,1,3,7
740,427,1,0,1,1,3,6
1227,427,0,0,1,1,3,5
1272,427,1,0,1,1,3,6
939,428,1,0,0,1,3,5
509,429,1,1,1,1,0,4
534,429,1,1,1,1,0,4
554,429,1,1,1,1,0,4
584,429,1,1,1,1,0,4
633,429,1,1,1,1,0,4
700,429,1,1,1,1,0,4
753,429,1,1,1,1,0,4
811,429,1,1,1,1,0,4
822,429,1,1,1,1,0,4
824,429,1,1,1,1,0,4
826,429,1,1,1,1,0,4
875,429,1,1,1,1,0,4
932,429,1,1,1,1,0,4
975,429,1,1,1,1,0,4
1002,429,1,1,1,1,0,4
1038,429,1,1,1,1,0,4
1173,429,1,1,1,1,0,4
1231,430,1,1,1,1,0,4
1249,430,1,1,1,1,0,4
1309,430,1,1,1,1,0,4
455,431,1,1,1,1,3,7
465,431,1,1,1,1,3,7
478,431,0,0,1,0,3,4
458,432,0,0,1,1,3,5
524,432,1,0,1,1,3,6
636,432,0,0,1,1,3,5
998,432,1,0,0,1,3,5
1046,432,1,0,1,1,3,6
1142,432,0,0,1,1,3,5
1251,432,0,0,1,1,3,5
574,434,1,0,0,1,3,5
666,434,1,0,1,1,3,6
749,434,1,0,0,1,3,5
786,434,1,0,1,1,3,6
807,434,1,0,0,1,3,5
907,434,1,0,1,1,3,6
949,434,1,0,1,1,3,6
1012,434,1,0,1,0,3,5
1018,434,1,0,1,1,3,6
1041,434,1,0,1,1,3,6
1156,434,1,0,0,1,3,5
1167,434,1,0,1,1,3,6
443,435,0,0,1,1,3,5
507,435,1,1,1,1,0,4
510,435,1,1,1,1,0,4
595,435,1,1,1,1,0,4
608,435,1,1,1,1,3,7
660,435,1,1,1,1,0,4
672,435,1,1,1,1,0,4
742,435,1,1,1,1,0,4
777,435,1,0,1,1,3,6
805,435,1,1,1,1,0,4
814,435,1,1,1,1,0,4
897,435,1,1,1,1,0,4
905,435,1,1,1,1,0,4
958,435,1,1,1,1,3,7
1028,435,1,1,1,1,0,4
1059,435,1,1,1,1,3,7
1070,435,1,1,1,1,0,4
1136,435,1,1,1,1,0,4
627,436,1,1,1,0,3,6
644,436,1,0,1,0,3,5
1123,436,1,1,1,0,3,6
576,437,1,0,1,1,3,6
882,437,1,0,1,1,3,6
978,437,0,0,1,1,3,5
1080,437,1,0,1,1,3,6
1085,437,0,0,1,1,3,5
1178,437,1,0,0,1,3,5
448,438,1,1,1,1,3,7
459,438,0,0,1,0,3,4
722,438,0,1,1,0,3,5
1047,438,0,0,1,0,3,4
1055,438,0,0,1,0,3,4
1213,438,0,1,1,0,3,5
821,439,1,1,1,1,0,4
857,439,1,1,1,1,0,4
925,439,1,1,1,1,0,4
1001,439,1,1,1,1,0,4
1007,439,1,1,1,1,0,4
591,440,1,0,1,1,3,6
774,440,1,0,1,1,3,6
796,440,1,0,1,1,3,6
974,440,1,0,1,1,3,6
1004,440,1,0,1,1,3,6
1019,440,1,0,1,1,3,6
1066,440,1,0,1,1,3,6
1094,440,1,0,1,1,3,6
1140,440,1,0,1,1,3,6
1222,440,1,0,1,1,3,6
461,441,1,1,1,1,0,4
634,441,1,1,1,1,3,7
835,441,1,1,1,1,3,7
847,441,1,1,1,1,3,7
943,441,1,1,1,1,0,4
980,441,1,0,1,1,3,6
1054,441,1,0,1,1,3,6
489,442,1,1,1,1,3,7
511,442,1,1,1,1,0,4
538,442,1,1,0,1,3,6
917,442,1,1,1,1,3,7
1058,442,1,1,1,1,3,7
1160,442,1,1,1,1,0,4
608,443,0,0,1,1,3,5
777,443,0,1,1,1,3,6
958,443,0,0,1,1,3,5
1059,443,0,0,1,1,3,5
591,444,1,1,1,1,0,4
756,444,1,1,1,1,0,4
774,444,1,1,1,1,0,4
796,444,1,1,1,1,0,4
838,444,1,1,1,1,0,4
1222,444,1,1,1,1,0,4
522,445,0,0,1,1,3,5
854,445,0,0,1,1,3,5
951,445,0,0,1,1,3,5
1231,445,1,0,1,1,3,6
560,447,1,1,1,1,0,4
743,447,1,1,1,1,0,4
1008,447,1,1,1,1,0,4
1010,447,1,1,1,1,0,4
1074,447,1,1,1,1,0,4
1321,447,1,1,1,1,0,4
459,448,0,0,1,0,3,4
722,448,0,1,1,0,3,5
1047,448,0,0,1,0,3,4
1055,448,0,0,1,0,3,4
1213,448,0,1,1,0,3,5
533,449,1,1,1,1,3,7
850,449,0,0,1,1,3,5
853,449,0,0,1,1,3,5
1048,449,0,0,1,1,3,5
1100,449,0,0,1,1,3,5
504,450,1,1,1,1,0,4
512,450,1,1,1,1,0,4
543,450,1,1,1,1,0,4
482,453,0,1,1,1,3,6
501,454,1,0,1,1,3,6
465,455,1,1,1,1,3,7
478,455,0,0,1,0,3,4
524,458,0,0,1,1,3,5
550,458,1,1,1,1,0,4
636,458,1,1,1,1,3,7
998,458,0,1,0,1,3,5
1046,458,0,0,1,1,3,5
1142,458,1,1,1,1,3,7
1152,458,1,1,1,1,0,4
1251,458,0,1,1,1,3,6
722,459,1,0,1,1,3,6
1047,459,1,0,1,1,3,6
1055,459,1,0,1,1,3,6
1213,459,1,0,1,1,3,6
477,460,1,1,1,1,0,4
486,460,1,1,1,1,3,7
552,460,1,1,1,1,0,4
680,460,1,1,1,1,0,4
1163,460,1,1,1,1,0,4
1196,460,1,1,1,1,0,4
1284,460,1,1,1,1,0,4
634,461,1,1,1,1,0,4
835,461,1,1,1,1,0,4
847,461,1,1,1,1,0,4
943,461,1,1,1,1,3,7
478,462,1,1,1,1,0,4
668,462,1,1,1,1,0,4
755,462,1,1,1,1,0,4
763,462,1,1,1,1,0,4
1151,462,1,1,1,1,0,4
548,464,1,0,1,1,3,6
759,464,1,1,1,1,0,4
970,464,1,1,1,1,0,4
1148,464,1,0,1,1,3,6
1239,464,0,0,1,1,3,5
478,465,0,0,1,0,3,4
661,466,0,1,1,1,3,6
687,466,0,1,1,1,3,6
959,466,1,1,1,0,3,6
541,467,1,0,1,1,3,6
705,467,0,1,1,1,3,6
1287,467,0,0,1,1,3,5
646,469,1,0,0,1,3,5
710,469,1,1,1,1,3,7
643,472,1,0,0,1,3,5
698,472,0,0,0,1,3,4
701,472,0,0,0,1,3,4
718,472,0,0,0,1,3,4
735,472,0,1,0,1,3,5
964,472,1,1,0,1,3,6
1063,472,1,0,0,1,3,5
1107,472,0,0,0,1,3,4
1119,472,0,0,0,1,3,4
1184,472,0,1,0,1,3,5
1283,472,0,1,0,1,3,5
487,473,0,0,1,1,3,5
697,473,1,0,1,1,3,6
745,473,1,0,1,1,3,6
933,473,1,0,1,1,3,6
956,473,0,0,1,1,3,5
1020,473,1,0,1,1,3,6
1074,473,1,0,1,1,3,6
1166,473,1,0,1,1,3,6
1181,473,1,0,1,1,3,6
925,475,1,0,0,1,3,5
563,476,1,0,1,1,3,6
598,476,1,0,1,0,3,5
609,476,1,1,1,1,3,7
801,476,0,1,1,1,3,6
841,476,0,0,1,1,3,5
935,476,1,1,1,1,3,7
981,476,1,1,1,1,3,7
1043,476,1,0,1,0,3,5
1153,476,1,1,1,0,3,6
1248,476,1,0,1,0,3,5
486,477,1,1,1,1,0,4
552,477,1,1,1,1,0,4
680,477,1,1,1,1,0,4
1163,477,1,1,1,1,0,4
1196,477,1,1,1,1,0,4
1284,477,1,1,1,1,0,4
668,478,1,1,1,1,0,4
755,478,1,1,1,1,0,4
763,478,1,1,1,1,0,4
1151,478,1,1,1,1,0,4
603,479,1,1,1,1,0,4
647,479,1,1,1,1,0,4
861,479,1,1,1,1,0,4
909,479,1,1,1,1,0,4
914,479,1,1,1,1,0,4
964,479,1,1,1,1,0,4
1040,479,1,1,1,1,0,4
1090,479,1,1,1,1,0,4
1179,479,1,1,1,1,0,4
671,481,0,1,1,1,3,6
834,481,1,1,1,1,0,4
867,481,0,0,0,1,3,4
908,481,1,1,1,1,3,7
927,481,1,1,1,1,3,7
946,481,0,0,1,1,3,5
953,481,0,0,1,1,3,5
960,481,1,0,1,1,3,6
1045,481,0,1,1,1,3,6
1053,481,1,1,1,1,0,4
1098,481,1,1,1,1,3,7
1127,481,1,0,1,1,3,6
492,482,1,1,1,1,0,4
893,482,1,1,1,1,0,4
485,483,1,1,1,1,0,4
575,483,1,1,1,1,0,4
782,484,1,0,1,1,3,6
885,484,1,0,1,1,3,6
488,485,1,0,1,1,3,6
519,485,1,0,1,1,3,6
575,485,1,1,1,1,3,7
552,486,1,1,1,1,0,4
680,486,1,1,1,1,0,4
1163,486,1,1,1,1,0,4
1196,486,1,1,1,1,0,4
1284,486,1,1,1,1,0,4
673,487,1,1,1,1,0,4
697,487,0,1,1,1,3,6
727,487,1,1,1,1,0,4
745,487,0,1,1,1,3,6
933,487,0,1,1,1,3,6
956,487,0,0,1,1,3,5
1020,487,0,0,1,1,3,5
1074,487,0,0,1,1,3,5
1166,487,0,1,1,1,3,6
1181,487,0,1,1,1,3,6
519,488,1,0,1,1,3,6
575,488,1,0,1,1,3,6
511,489,1,1,1,1,0,4
538,489,1,1,0,1,3,6
917,489,1,1,1,1,3,7
1058,489,1,1,1,1,3,7
1160,489,1,1,1,1,0,4
498,490,1,1,1,1,3,7
527,490,0,0,1,1,3,5
537,490,1,1,1,1,0,4
706,490,1,1,1,1,0,4
728,490,1,1,1,1,0,4
765,490,1,0,1,1,3,6
869,490,1,1,1,1,3,7
915,490,1,0,1,1,3,6
983,490,1,1,1,1,0,4
1027,490,1,1,1,1,0,4
1130,490,1,1,1,1,0,4
499,491,1,0,1,1,3,6
580,491,1,0,1,1,3,6
639,491,1,0,1,1,3,6
884,491,1,0,1,1,3,6
898,491,1,0,1,1,3,6
1126,491,1,0,1,1,3,6
893,492,1,1,1,1,3,7
612,493,1,1,1,1,3,7
649,493,1,0,1,1,3,6
803,493,1,1,1,1,3,7
837,493,1,1,1,1,0,4
929,493,1,1,1,1,0,4
992,493,1,0,1,0,3,5
1057,493,1,0,1,1,3,6
1062,493,1,0,1,1,3,6
1099,493,1,0,1,1,3,6
1154,493,1,0,1,1,3,6
813,494,1,1,1,1,3,7
674,495,0,0,1,1,3,5
818,495,1,0,1,1,3,6
836,495,1,0,1,1,3,6
845,495,1,0,1,1,3,6
856,495,0,0,1,1,3,5
872,495,1,0,1,1,3,6
906,495,0,1,1,1,3,6
1026,495,0,1,1,1,3,6
551,496,1,1,1,1,0,4
641,496,1,1,1,1,0,4
770,496,1,1,1,1,0,4
802,496,1,1,1,1,0,4
819,496,1,1,1,1,0,4
1037,496,1,1,1,1,0,4
517,497,1,1,1,1,0,4
565,497,1,1,1,1,0,4
527,498,0,0,1,1,3,5
537,498,1,1,1,1,0,4
706,498,1,1,1,1,0,4
728,498,1,1,1,1,0,4
765,498,1,0,1,1,3,6
869,498,1,1,1,1,3,7
915,498,1,0,1,1,3,6
983,498,1,1,1,1,0,4
1027,498,1,1,1,1,0,4
1130,498,1,1,1,1,0,4
580,499,1,0,1,1,3,6
639,499,1,0,1,1,3,6
884,499,1,0,1,1,3,6
898,499,1,0,1,1,3,6
1126,499,1,0,1,1,3,6
758,500,1,1,1,1,3,7
787,500,1,1,1,1,3,7
546,502,1,0,1,0,3,5
562,502,1,0,1,0,3,5
1013,502,1,0,1,0,3,5
1128,502,0,0,1,1,3,5
1138,502,1,0,1,0,3,5
1208,502,1,0,1,0,3,5
509,503,1,0,1,1,3,6
811,503,1,0,1,1,3,6
512,504,1,1,1,1,3,7
543,504,1,1,1,1,3,7
986,505,0,0,0,1,3,4
1129,505,1,1,0,1,3,6
579,506,1,1,1,1,3,7
592,506,1,1,1,1,3,7
510,507,1,1,1,1,3,7
595,507,1,1,1,1,0,4
608,507,1,1,1,1,0,4
660,507,1,1,1,1,0,4
672,507,1,1,1,1,0,4
742,507,1,1,1,1,0,4
805,507,1,1,1,1,3,7
814,507,1,1,1,1,0,4
897,507,1,1,1,1,3,7
905,507,1,1,1,1,0,4
958,507,1,1,1,1,0,4
1028,507,1,1,1,1,0,4
1059,507,1,1,1,1,0,4
1070,507,1,1,1,1,0,4
1136,507,1,1,1,1,0,4
534,509,1,1,1,1,0,4
554,509,1,1,1,1,0,4
584,509,1,1,1,1,0,4
633,509,1,1,1,1,0,4
700,509,1,1,1,1,0,4
753,509,1,1,1,1,0,4
811,509,1,1,1,1,3,7
822,509,1,1,1,1,0,4
824,509,1,1,1,1,0,4
826,509,1,1,1,1,0,4
875,509,1,1,1,1,0,4
932,509,1,1,1,1,0,4
975,509,1,1,1,1,0,4
1002,509,1,1,1,1,0,4
1038,509,1,1,1,1,0,4
1173,509,1,1,1,1,0,4
595,510,1,1,1,1,0,4
608,510,1,1,1,1,0,4
660,510,1,1,1,1,0,4
672,510,1,1,1,1,0,4
742,510,1,1,1,1,0,4
805,510,1,1,1,1,3,7
814,510,1,1,1,1,0,4
897,510,1,1,1,1,3,7
905,510,1,1,1,1,0,4
958,510,1,1,1,1,0,4
1028,510,1,1,1,1,0,4
1059,510,1,1,1,1,0,4
1070,510,1,1,1,1,0,4
1136,510,1,1,1,1,0,4
902,511,1,0,1,1,3,6
917,511,1,1,1,1,0,4
1058,511,1,1,1,1,0,4
1160,511,1,1,1,1,0,4
543,512,1,1,1,1,3,7
744,514,1,1,1,1,3,7
910,514,1,0,1,1,3,6
989,514,0,1,1,1,3,6
1125,514,1,1,1,0,3,6
1320,514,0,0,1,1,3,5
659,515,1,1,1,1,3,7
748,515,1,1,1,1,0,4
1044,515,1,0,1,1,3,6
1049,515,1,1,1,1,0,4
522,516,1,1,1,1,0,4
654,516,1,1,1,1,3,7
662,516,1,1,1,1,0,4
732,516,1,1,1,1,3,7
746,516,0,0,1,1,3,5
747,516,0,1,1,1,3,6
773,516,1,1,1,1,0,4
820,516,1,1,1,1,3,7
843,516,1,1,1,1,3,7
848,516,1,1,1,1,3,7
854,516,1,1,1,1,0,4
941,516,1,1,1,1,0,4
951,516,1,1,1,1,0,4
977,516,1,1,1,1,3,7
994,516,1,1,1,1,0,4
1000,516,1,1,1,1,0,4
1031,516,1,1,1,1,0,4
1067,516,1,0,1,1,3,6
1084,516,1,1,1,1,0,4
1135,516,1,1,1,1,0,4
1141,516,1,1,1,1,0,4
1164,516,1,1,1,1,3,7
1249,516,1,0,1,1,3,6
565,517,1,1,1,1,3,7
586,518,1,1,1,1,3,7
620,518,1,1,1,1,0,4
645,518,1,1,1,1,3,7
726,518,1,1,1,0,3,6
736,518,1,1,1,1,0,4
750,518,1,1,1,1,3,7
827,518,1,1,1,1,0,4
1003,518,1,1,1,1,0,4
1016,518,1,0,1,1,3,6
1109,518,1,1,1,1,3,7
575,519,1,0,1,1,3,6
840,520,1,0,1,1,3,6
654,522,1,1,1,1,0,4
662,522,1,1,1,1,0,4
732,522,1,1,1,1,0,4
773,522,1,1,1,1,0,4
820,522,1,1,1,1,0,4
843,522,1,1,1,1,0,4
848,522,1,1,1,1,0,4
854,522,1,1,1,1,3,7
941,522,1,1,1,1,0,4
951,522,1,1,1,1,3,7
977,522,1,1,1,1,0,4
994,522,1,1,1,1,0,4
1000,522,1,1,1,1,0,4
1031,522,1,1,1,1,0,4
1084,522,1,1,1,1,0,4
1135,522,1,1,1,1,0,4
1141,522,1,1,1,1,0,4
1164,522,1,1,1,1,0,4
1231,522,1,0,1,1,3,6
1030,523,0,0,1,1,3,5
636,524,0,0,1,1,3,5
998,524,1,0,0,1,3,5
1046,524,1,0,1,1,3,6
1142,524,0,0,1,1,3,5
1251,524,0,0,1,1,3,5
553,525,1,0,1,1,3,6
558,525,1,0,1,1,3,6
577,525,1,0,1,1,3,6
589,525,1,0,0,1,3,5
624,525,1,0,1,1,3,6
751,525,1,0,1,1,3,6
878,525,1,0,1,1,3,6
1162,525,1,0,1,1,3,6
539,526,1,1,1,0,3,6
686,526,1,1,1,0,3,6
950,526,1,1,1,0,3,6
1081,526,1,1,1,0,3,6
1159,526,1,1,1,0,3,6
1169,526,1,1,1,0,3,6
765,527,0,0,1,1,3,5
869,527,0,0,1,1,3,5
915,527,0,0,1,1,3,5
631,528,1,1,1,1,0,4
809,528,1,1,1,1,0,4
888,528,1,1,1,1,0,4
1144,528,1,0,1,1,3,6
632,529,1,0,1,1,3,6
771,529,1,0,1,1,3,6
808,529,1,0,1,1,3,6
823,529,1,0,1,1,3,6
1171,529,1,0,1,1,3,6
1199,531,1,1,1,1,0,4
1240,531,1,1,1,1,0,4
1300,531,1,1,1,1,0,4
850,533,0,0,1,1,3,5
853,533,0,0,1,1,3,5
1048,533,0,0,1,1,3,5
1100,533,0,0,1,1,3,5
554,534,1,1,1,1,3,7
584,534,1,1,1,1,0,4
633,534,1,1,1,1,3,7
700,534,1,1,1,1,3,7
753,534,1,1,1,1,0,4
791,534,1,0,1,1,3,6
811,534,1,1,1,1,0,4
822,534,1,1,1,1,0,4
824,534,1,1,1,1,0,4
826,534,1,1,1,1,0,4
875,534,1,1,1,1,3,7
932,534,1,1,1,1,0,4
975,534,1,1,1,1,3,7
1002,534,1,1,1,1,0,4
1038,534,1,1,1,1,0,4
1173,534,1,1,1,1,3,7
1232,534,1,0,1,1,3,6
1285,534,1,0,1,1,3,6
755,535,1,0,1,1,3,6
766,535,1,0,1,1,3,6
821,535,1,0,1,1,3,6
830,535,1,0,1,1,3,6
573,536,1,1,1,1,0,4
614,536,1,1,1,1,0,4
800,536,1,1,1,1,3,7
1176,536,1,1,1,1,3,7
1269,536,1,1,1,1,3,7
1279,536,1,0,1,1,3,6
1304,536,1,0,1,1,3,6
706,537,1,1,1,1,0,4
728,537,1,1,1,1,0,4
839,537,1,0,1,1,3,6
869,537,1,1,1,1,0,4
983,537,1,1,1,1,0,4
1027,537,1,1,1,1,0,4
1064,537,1,0,1,1,3,6
1130,537,1,1,1,1,0,4
917,538,1,1,0,1,3,6
1058,538,1,1,0,1,3,6
686,539,1,1,1,0,3,6
950,539,1,1,1,0,3,6
1081,539,1,1,1,1,3,7
1159,539,1,1,1,0,3,6
1169,539,1,1,1,1,3,7
551,540,1,0,1,1,3,6
752,540,0,0,1,1,3,5
705,541,0,0,1,1,3,5
1287,541,0,0,1,1,3,5
919,542,0,0,1,1,3,5
737,544,1,1,1,1,0,4
761,544,1,1,1,1,0,4
886,544,1,1,1,1,3,7
894,544,1,1,1,1,0,4
1029,544,1,1,1,1,0,4
1149,544,1,1,1,1,0,4
1243,544,1,1,1,1,0,4
616,545,1,1,1,1,0,4
748,545,1,1,1,0,3,6
913,545,1,1,1,1,0,4
921,545,1,0,1,1,3,6
979,545,1,0,1,1,3,6
1049,545,1,1,1,0,3,6
1069,545,1,0,1,1,3,6
1137,545,1,1,1,1,0,4
562,546,1,0,1,1,3,6
1013,546,1,0,1,1,3,6
1128,546,0,0,1,0,3,4
1138,546,1,0,1,1,3,6
1208,546,1,0,1,1,3,6
550,547,1,0,1,1,3,6
593,548,1,1,1,1,0,4
781,548,1,1,1,1,0,4
815,548,1,1,1,1,0,4
1148,548,1,1,1,1,3,7
1239,548,0,1,1,1,3,6
555,549,1,0,1,1,3,6
810,549,1,0,1,1,3,6
636,550,1,1,1,1,0,4
1142,550,1,1,1,1,0,4
1152,550,1,1,1,1,0,4
641,551,1,1,1,1,0,4
752,551,0,1,1,1,3,6
770,551,1,1,1,1,0,4
802,551,1,1,1,1,0,4
819,551,1,1,1,1,0,4
1037,551,1,1,1,1,0,4
653,552,1,0,1,1,3,6
680,552,1,1,1,1,3,7
877,552,1,0,1,1,3,6
1163,552,1,1,1,1,0,4
1196,552,1,1,1,1,3,7
1284,552,1,1,1,1,3,7
558,553,1,1,1,1,3,7
577,553,1,1,1,1,3,7
589,553,1,0,0,1,3,5
624,553,1,1,1,1,3,7
751,553,1,1,1,1,3,7
878,553,1,1,1,1,3,7
1162,553,1,1,1,1,3,7
584,554,1,1,1,1,0,4
633,554,1,1,1,1,3,7
700,554,1,1,1,1,3,7
753,554,1,1,1,1,0,4
791,554,1,0,1,1,3,6
811,554,1,1,1,1,0,4
822,554,1,1,1,1,0,4
824,554,1,1,1,1,0,4
826,554,1,1,1,1,0,4
875,554,1,1,1,1,3,7
932,554,1,1,1,1,0,4
975,554,1,1,1,1,3,7
1002,554,1,1,1,1,0,4
1038,554,1,1,1,1,0,4
1173,554,1,1,1,1,3,7
1232,554,1,0,1,1,3,6
1285,554,1,0,1,1,3,6
810,555,1,0,1,1,3,6
635,556,1,1,1,1,3,7
1132,556,1,1,1,1,3,7
1186,556,0,0,1,1,3,5
923,557,0,1,1,1,3,6
577,558,1,1,1,1,3,7
589,558,1,0,0,1,3,5
624,558,1,1,1,1,3,7
751,558,1,1,1,1,3,7
878,558,1,1,1,1,3,7
1162,558,1,1,1,1,3,7
743,560,1,1,1,1,3,7
1008,560,1,1,1,1,3,7
1010,560,1,1,1,1,0,4
1074,560,1,1,1,1,0,4
1321,560,1,1,1,1,0,4
1013,562,1,0,1,1,3,6
1128,562,0,0,1,0,3,4
1138,562,1,0,1,1,3,6
1208,562,1,0,1,1,3,6
598,563,1,0,1,0,3,5
609,563,1,0,1,1,3,6
801,563,0,0,1,1,3,5
841,563,0,0,1,1,3,5
935,563,1,0,1,1,3,6
981,563,1,0,1,1,3,6
1043,563,1,0,1,0,3,5
1153,563,1,0,1,0,3,5
1248,563,1,0,1,0,3,5
772,564,1,0,1,1,3,6
837,564,1,0,1,1,3,6
929,564,1,0,1,1,3,6
628,567,1,1,0,1,3,6
1139,567,1,1,1,1,3,7
760,568,1,1,1,1,0,4
623,569,1,1,1,0,3,6
865,569,1,1,1,0,3,6
1060,569,1,1,1,1,0,4
1110,569,1,1,1,1,0,4
611,570,1,0,1,1,3,6
1244,572,1,1,1,1,3,7
1267,572,1,1,1,1,3,7
614,573,1,1,1,1,3,7
800,573,1,1,1,1,0,4
1176,573,1,1,1,1,0,4
1269,573,1,1,1,1,0,4
666,574,1,0,0,1,3,5
749,574,1,0,1,1,3,6
786,574,1,0,0,1,3,5
807,574,1,0,1,1,3,6
907,574,1,0,0,1,3,5
949,574,1,0,0,1,3,5
1012,574,1,0,0,0,3,4
1018,574,1,0,0,1,3,5
1041,574,1,0,0,1,3,5
1156,574,1,0,1,1,3,6
1167,574,1,0,0,1,3,5
757,576,1,1,1,1,0,4
769,576,1,1,1,1,0,4
882,576,1,1,1,1,3,7
978,576,0,1,1,1,3,6
1080,576,1,1,1,1,3,7
1085,576,0,1,1,1,3,6
1178,576,1,0,0,1,3,5
589,577,1,0,0,1,3,5
624,577,1,1,1,1,3,7
751,577,1,1,1,1,3,7
878,577,1,1,1,1,3,7
1162,577,1,1,1,1,3,7
1310,578,0,0,1,1,3,5
592,579,1,1,1,1,3,7
639,580,1,1,1,1,3,7
884,580,1,1,1,1,3,7
898,580,1,1,1,1,3,7
1052,580,1,1,1,1,0,4
1126,580,1,0,1,1,3,6
1131,580,1,1,1,1,0,4
754,581,1,1,1,1,3,7
1211,583,1,0,1,1,3,6
633,584,1,1,1,1,0,4
700,584,1,1,1,1,0,4
753,584,1,1,1,1,0,4
811,584,1,1,1,1,0,4
822,584,1,1,1,1,3,7
824,584,1,1,1,1,0,4
826,584,1,1,1,1,0,4
875,584,1,1,1,1,0,4
932,584,1,1,1,1,0,4
975,584,1,1,1,1,0,4
1002,584,1,1,1,1,0,4
1038,584,1,1,1,1,0,4
1173,584,1,1,1,1,0,4
651,585,1,1,1,1,0,4
1170,585,1,1,1,0,3,6
620,586,1,1,1,1,0,4
645,586,1,1,1,1,3,7
726,586,1,1,1,0,3,6
736,586,1,1,1,1,0,4
750,586,1,1,1,1,3,7
827,586,1,1,1,1,0,4
1003,586,1,1,1,1,0,4
1016,586,1,0,1,1,3,6
1109,586,1,1,1,1,3,7
954,588,1,0,1,1,3,6
1004,588,1,1,1,1,0,4
1019,588,1,1,1,1,0,4
1066,588,1,1,1,1,0,4
1094,588,1,1,1,1,0,4
1140,588,1,1,1,1,0,4
624,589,1,0,0,1,3,5
751,589,1,0,0,1,3,5
878,589,1,0,0,1,3,5
1162,589,1,0,0,1,3,5
1034,590,1,1,1,1,3,7
756,591,1,1,1,1,0,4
774,591,1,1,1,1,3,7
796,591,1,1,1,1,3,7
838,591,1,1,1,1,0,4
974,591,1,0,1,1,3,6
1004,591,1,0,1,1,3,6
1019,591,1,0,1,1,3,6
1066,591,1,0,1,1,3,6
1094,591,1,0,1,1,3,6
1140,591,1,0,1,1,3,6
1222,591,1,1,1,1,3,7
781,593,1,1,1,1,0,4
815,593,1,1,1,1,0,4
1148,593,1,1,1,1,0,4
608,595,1,1,1,1,0,4
660,595,1,1,1,1,3,7
672,595,1,1,1,1,0,4
742,595,1,1,1,1,0,4
805,595,1,1,1,1,0,4
814,595,1,1,1,1,0,4
897,595,1,1,1,1,0,4
905,595,1,1,1,1,0,4
958,595,1,1,1,1,0,4
1028,595,1,1,1,1,0,4
1059,595,1,1,1,1,0,4
1070,595,1,1,1,1,0,4
1136,595,1,1,1,1,0,4
1221,595,0,0,1,0,3,4
1255,595,0,0,1,1,3,5
620,596,1,0,1,1,3,6
609,598,1,0,1,0,3,5
801,598,0,0,1,0,3,4
841,598,0,0,1,0,3,4
935,598,1,0,1,0,3,5
981,598,1,0,1,0,3,5
1043,598,1,0,1,1,3,6
1153,598,1,0,1,1,3,6
1248,598,1,0,1,1,3,6
677,601,1,1,1,1,3,7
984,601,1,1,1,1,0,4
982,602,1,0,1,1,3,6
647,603,1,1,1,1,0,4
861,603,1,1,1,1,0,4
909,603,1,1,1,1,0,4
914,603,1,1,1,1,0,4
964,603,1,1,1,1,0,4
1040,603,1,1,1,1,0,4
1090,603,1,1,1,1,3,7
1179,603,1,1,1,1,0,4
1104,604,1,0,1,0,3,5
925,606,0,1,1,0,3,5
660,608,1,1,1,1,0,4
672,608,1,1,1,1,0,4
742,608,1,1,1,1,0,4
777,608,1,0,1,1,3,6
805,608,1,1,1,1,0,4
814,608,1,1,1,1,0,4
897,608,1,1,1,1,0,4
905,608,1,1,1,1,0,4
958,608,1,1,1,1,3,7
1028,608,1,1,1,1,0,4
1059,608,1,1,1,1,3,7
1070,608,1,1,1,1,0,4
1136,608,1,1,1,1,0,4
801,609,0,1,1,1,3,6
841,609,0,0,1,1,3,5
935,609,1,1,1,1,3,7
981,609,1,1,1,1,3,7
1043,609,1,0,1,0,3,5
1153,609,1,1,1,0,3,6
1248,609,1,0,1,0,3,5
617,610,1,1,1,1,3,7
665,610,1,1,1,1,3,7
709,610,0,1,1,1,3,6
714,610,1,1,1,1,3,7
825,610,1,1,1,1,0,4
829,610,1,1,1,1,3,7
912,610,0,1,1,1,3,6
1168,610,0,0,1,1,3,5
649,612,1,0,1,1,3,6
803,612,1,1,1,1,3,7
837,612,1,1,1,1,0,4
929,612,1,1,1,1,0,4
992,612,1,0,1,0,3,5
1057,612,1,0,1,1,3,6
1062,612,1,0,1,1,3,6
1099,612,1,0,1,1,3,6
1154,612,1,0,1,1,3,6
770,613,1,0,1,1,3,6
812,613,1,1,1,1,3,7
1086,613,1,0,1,1,3,6
800,614,1,1,1,1,0,4
1176,614,1,1,1,1,0,4
1269,614,1,1,1,1,0,4
913,616,1,1,1,1,0,4
1137,616,1,1,1,1,0,4
665,617,1,1,1,1,3,7
709,617,0,1,1,1,3,6
714,617,1,1,1,1,3,7
825,617,1,1,1,1,0,4
829,617,1,1,1,1,3,7
912,617,0,1,1,1,3,6
1168,617,0,0,1,1,3,5
944,619,1,1,1,1,3,7
645,620,1,1,1,1,0,4
736,620,1,1,1,1,0,4
750,620,1,1,1,1,0,4
827,620,1,1,1,1,0,4
1003,620,1,1,1,1,0,4
1109,620,1,1,1,1,0,4
865,623,1,1,1,1,3,7
751,624,1,1,1,1,3,7
878,624,1,1,1,1,3,7
1162,624,1,1,1,1,3,7
644,627,1,0,1,1,3,6
1123,627,1,1,1,1,3,7
1139,628,1,1,0,1,3,6
903,629,1,1,1,1,0,4
971,630,1,1,1,1,0,4
1117,630,1,1,1,1,0,4
1175,630,1,1,1,1,3,7
809,631,1,1,1,1,0,4
888,631,1,1,1,1,0,4
771,632,1,0,1,1,3,6
808,632,1,0,1,1,3,6
823,632,1,0,1,1,3,6
1171,632,1,0,1,1,3,6
700,633,1,1,1,1,3,7
753,633,1,1,1,1,0,4
791,633,1,0,1,1,3,6
811,633,1,1,1,1,0,4
822,633,1,1,1,1,0,4
824,633,1,1,1,1,0,4
826,633,1,1,1,1,0,4
875,633,1,1,1,1,3,7
932,633,1,1,1,1,0,4
975,633,1,1,1,1,3,7
1002,633,1,1,1,1,0,4
1038,633,1,1,1,1,0,4
1173,633,1,1,1,1,3,7
1232,633,1,0,1,1,3,6
1285,633,1,0,1,1,3,6
835,634,1,1,1,1,3,7
847,634,1,1,1,1,3,7
943,634,1,1,1,1,0,4
980,634,1,0,1,1,3,6
1054,634,1,0,1,1,3,6
1132,635,1,1,1,1,3,7
1186,635,0,0,1,1,3,5
998,636,0,1,0,1,3,5
1046,636,0,0,1,1,3,5
1142,636,1,1,1,1,3,7
1152,636,1,1,1,1,0,4
1251,636,0,1,1,1,3,6
683,637,1,1,1,1,3,7
724,637,1,1,1,1,3,7
818,637,1,1,1,1,0,4
832,637,1,1,1,1,0,4
836,637,1,1,1,1,0,4
959,637,1,1,1,1,0,4
884,639,1,1,1,1,3,7
898,639,1,1,1,1,3,7
1052,639,1,1,1,1,0,4
1126,639,1,0,1,1,3,6
1131,639,1,1,1,1,0,4
681,640,1,1,1,1,0,4
779,640,1,0,1,1,3,6
961,640,1,1,1,1,3,7
1056,640,1,1,0,1,3,6
1093,640,1,0,1,1,3,6
1112,640,1,0,1,1,3,6
1172,640,1,1,1,1,3,7
1174,640,1,0,1,1,3,6
770,641,1,1,1,1,0,4
802,641,1,1,1,1,0,4
819,641,1,1,1,1,0,4
1037,641,1,1,1,1,0,4
698,643,0,0,1,1,3,5
701,643,0,0,1,1,3,5
718,643,0,0,1,1,3,5
735,643,0,0,1,1,3,5
964,643,1,0,1,1,3,6
1063,643,1,0,1,1,3,6
1107,643,0,0,1,1,3,5
1119,643,0,0,1,1,3,5
1184,643,0,0,1,1,3,5
1283,643,0,0,1,1,3,5
1123,644,1,0,1,1,3,6
726,645,1,1,1,0,3,6
736,645,1,1,1,1,0,4
750,645,1,1,1,1,3,7
827,645,1,1,1,1,0,4
1003,645,1,1,1,1,0,4
1016,645,1,0,1,1,3,6
1109,645,1,1,1,1,3,7
710,646,1,0,0,1,3,5
861,647,1,1,1,1,0,4
909,647,1,1,1,1,0,4
914,647,1,1,1,1,0,4
964,647,1,1,1,1,0,4
1040,647,1,1,1,1,0,4
1090,647,1,1,1,1,0,4
1179,647,1,1,1,1,0,4
803,649,1,0,1,1,3,6
992,649,1,0,1,0,3,5
1057,649,1,0,1,1,3,6
1062,649,1,0,1,1,3,6
1099,649,1,0,1,1,3,6
1154,649,1,0,1,1,3,6
680,653,1,0,1,1,3,6
877,653,1,0,1,1,3,6
1196,653,1,0,1,1,3,6
1284,653,1,0,1,1,3,6
662,654,1,1,1,1,0,4
732,654,1,1,1,1,3,7
746,654,0,0,1,1,3,5
747,654,0,1,1,1,3,6
773,654,1,1,1,1,0,4
820,654,1,1,1,1,3,7
843,654,1,1,1,1,3,7
848,654,1,1,1,1,3,7
854,654,1,1,1,1,0,4
941,654,1,1,1,1,0,4
951,654,1,1,1,1,0,4
977,654,1,1,1,1,3,7
994,654,1,1,1,1,0,4
1000,654,1,1,1,1,0,4
1031,654,1,1,1,1,0,4
1067,654,1,0,1,1,3,6
1084,654,1,1,1,1,0,4
1135,654,1,1,1,1,0,4
1141,654,1,1,1,1,0,4
1164,654,1,1,1,1,3,7
1249,654,1,0,1,1,3,6
748,659,1,1,1,1,0,4
1044,659,1,0,1,1,3,6
1049,659,1,1,1,1,0,4
672,660,1,1,1,1,0,4
742,660,1,1,1,1,0,4
805,660,1,1,1,1,0,4
814,660,1,1,1,1,0,4
897,660,1,1,1,1,0,4
905,660,1,1,1,1,0,4
958,660,1,1,1,1,0,4
1028,660,1,1,1,1,0,4
1059,660,1,1,1,1,0,4
1070,660,1,1,1,1,0,4
1136,660,1,1,1,1,0,4
1221,660,0,0,1,0,3,4
1255,660,0,0,1,1,3,5
687,661,1,1,1,1,3,7
959,661,0,1,1,0,3,5
732,662,1,1,1,1,0,4
773,662,1,1,1,1,0,4
820,662,1,1,1,1,0,4
843,662,1,1,1,1,0,4
848,662,1,1,1,1,0,4
854,662,1,1,1,1,0,4
941,662,1,1,1,1,0,4
951,662,1,1,1,1,0,4
977,662,1,1,1,1,0,4
994,662,1,1,1,1,0,4
1000,662,1,1,1,1,0,4
1031,662,1,1,1,1,0,4
1084,662,1,1,1,1,0,4
1135,662,1,1,1,1,0,4
1141,662,1,1,1,1,0,4
1164,662,1,1,1,1,0,4
678,663,1,1,1,1,0,4
697,663,1,1,1,1,0,4
716,663,1,1,1,1,3,7
721,663,1,1,1,1,0,4
733,663,1,1,1,1,3,7
745,663,1,1,1,1,0,4
768,663,1,1,1,1,0,4
918,663,1,1,1,1,3,7
933,663,1,1,1,1,0,4
962,663,1,1,1,1,3,7
990,663,1,1,1,1,0,4
1025,663,1,1,1,1,0,4
1073,663,1,1,1,1,3,7
1103,663,1,1,1,1,0,4
1166,663,1,1,1,1,0,4
1181,663,1,1,1,1,0,4
1321,663,1,0,1,1,3,6
695,664,1,0,0,1,3,5
1072,664,1,1,1,1,3,7
709,665,0,1,1,1,3,6
714,665,1,1,1,1,3,7
825,665,1,1,1,1,0,4
829,665,1,1,1,1,3,7
912,665,0,1,1,1,3,6
1168,665,0,0,1,1,3,5
749,666,1,0,0,1,3,5
786,666,1,0,1,1,3,6
807,666,1,1,0,1,3,6
907,666,1,0,1,1,3,6
949,666,1,0,1,1,3,6
1012,666,1,1,1,0,3,6
1018,666,1,0,1,1,3,6
1039,666,1,1,1,1,0,4
1041,666,1,0,1,1,3,6
1061,666,1,1,1,1,0,4
1156,666,1,0,0,1,3,5
1167,666,1,0,1,1,3,6
879,667,0,0,1,1,3,5
1280,667,1,0,1,1,3,6
755,668,1,1,1,1,0,4
763,668,1,1,1,1,0,4
1151,668,1,1,1,1,0,4
719,669,1,0,1,1,3,6
867,671,0,0,0,1,3,4
908,671,0,1,1,1,3,6
927,671,0,1,1,1,3,6
946,671,0,0,1,1,3,5
953,671,0,0,1,1,3,5
960,671,0,0,1,1,3,5
1045,671,0,1,1,1,3,6
1098,671,0,1,1,1,3,6
1127,671,0,0,1,1,3,5
742,672,1,1,1,1,0,4
805,672,1,1,1,1,0,4
814,672,1,1,1,1,0,4
897,672,1,1,1,1,0,4
905,672,1,1,1,1,3,7
958,672,1,1,1,1,0,4
1028,672,1,1,1,1,0,4
1059,672,1,1,1,1,0,4
1070,672,1,1,1,1,0,4
1136,672,1,1,1,1,3,7
721,673,0,1,1,1,3,6
727,673,1,1,1,1,3,7
1025,673,0,1,1,1,3,6
818,674,0,1,1,1,3,6
836,674,0,1,1,1,3,6
845,674,0,0,1,1,3,5
856,674,1,1,1,1,3,7
872,674,0,0,1,1,3,5
906,674,0,0,1,1,3,5
1026,674,0,0,1,1,3,5
690,675,1,1,1,1,0,4
1122,675,1,1,1,1,0,4
984,677,1,1,1,1,0,4
697,678,1,1,1,1,0,4
716,678,1,1,1,1,0,4
721,678,1,1,1,1,0,4
733,678,1,1,1,1,0,4
745,678,1,1,1,1,0,4
768,678,1,1,1,1,0,4
918,678,1,1,1,1,0,4
933,678,1,1,1,1,0,4
962,678,1,1,1,1,0,4
990,678,1,1,1,1,3,7
1025,678,1,1,1,1,0,4
1073,678,1,1,1,1,0,4
1103,678,1,1,1,1,3,7
1166,678,1,1,1,1,0,4
1181,678,1,1,1,1,0,4
877,680,1,0,1,1,3,6
1163,680,1,1,1,1,0,4
1196,680,1,1,1,1,3,7
1284,680,1,1,1,1,3,7
961,681,1,1,1,1,0,4
1172,681,1,1,1,1,0,4
724,683,1,1,1,1,3,7
818,683,1,1,1,1,0,4
832,683,1,1,1,1,0,4
836,683,1,1,1,1,0,4
959,683,1,1,1,1,0,4
1271,685,1,0,1,1,3,6
950,686,1,1,1,1,3,7
1081,686,1,1,1,0,3,6
1159,686,1,1,1,0,3,6
1169,686,1,1,1,0,3,6
959,687,0,1,1,0,3,5
1122,690,1,1,1,1,0,4
985,693,1,1,1,1,3,7
1072,695,1,0,0,1,3,5
716,697,1,1,1,1,0,4
721,697,1,1,1,1,0,4
733,697,1,1,1,1,0,4
745,697,1,1,1,1,3,7
768,697,1,1,1,1,0,4
918,697,1,1,1,1,0,4
933,697,1,1,1,1,3,7
956,697,0,0,1,1,3,5
962,697,1,1,1,1,0,4
990,697,1,1,1,1,0,4
1020,697,1,0,1,1,3,6
1025,697,1,1,1,1,0,4
1073,697,1,1,1,1,0,4
1074,697,1,0,1,1,3,6
1103,697,1,1,1,1,0,4
1166,697,1,1,1,1,3,7
1181,697,1,1,1,1,3,7
701,698,0,0,1,1,3,5
718,698,1,0,1,1,3,6
735,698,0,0,1,1,3,5
964,698,0,0,1,1,3,5
1063,698,0,0,1,1,3,5
1107,698,0,0,1,1,3,5
1119,698,0,0,1,1,3,5
1184,698,0,0,1,1,3,5
1283,698,0,0,1,1,3,5
993,699,0,0,1,1,3,5
1065,699,1,0,1,1,3,6
753,700,1,1,1,1,0,4
791,700,1,0,1,1,3,6
811,700,1,1,1,1,0,4
822,700,1,1,1,1,0,4
824,700,1,1,1,1,0,4
826,700,1,1,1,1,0,4
875,700,1,1,1,1,3,7
932,700,1,1,1,1,0,4
975,700,1,1,1,1,3,7
1002,700,1,1,1,1,0,4
1038,700,1,1,1,1,0,4
1173,700,1,1,1,1,3,7
1232,700,1,0,1,1,3,6
1285,700,1,0,1,1,3,6
718,701,0,0,1,1,3,5
735,701,1,0,1,1,3,6
964,701,0,0,1,1,3,5
1063,701,0,0,1,1,3,5
1107,701,1,0,1,1,3,6
1119,701,1,0,1,1,3,6
1184,701,1,0,1,1,3,6
1283,701,0,0,1,1,3,5
1287,705,0,0,1,1,3,5
728,706,1,1,1,1,0,4
869,706,1,1,1,1,3,7
983,706,1,1,1,1,0,4
1027,706,1,1,1,1,3,7
1130,706,1,1,1,1,0,4
714,709,0,1,1,1,3,6
829,709,0,1,1,1,3,6
912,709,1,1,1,1,3,7
1168,709,1,0,1,1,3,6
729,711,1,1,1,1,3,7
730,711,1,1,1,1,3,7
866,711,1,1,1,1,0,4
1129,711,1,1,1,1,0,4
720,712,1,1,1,1,3,7
825,714,1,1,1,1,0,4
829,714,1,1,1,1,3,7
912,714,0,1,1,1,3,6
1168,714,0,0,1,1,3,5
721,716,1,1,1,1,0,4
733,716,1,1,1,1,3,7
745,716,1,1,1,1,0,4
768,716,1,1,1,1,0,4
918,716,1,1,1,1,3,7
933,716,1,1,1,1,0,4
962,716,1,1,1,1,3,7
990,716,1,1,1,1,0,4
1025,716,1,1,1,1,0,4
1073,716,1,1,1,1,3,7
1103,716,1,1,1,1,0,4
1166,716,1,1,1,1,0,4
1181,716,1,1,1,1,0,4
1321,716,1,0,1,1,3,6
735,718,0,0,1,1,3,5
964,718,0,0,1,1,3,5
1063,718,0,0,1,1,3,5
1107,718,0,0,1,1,3,5
1119,718,0,0,1,1,3,5
1184,718,0,0,1,1,3,5
1283,718,0,0,1,1,3,5
727,721,0,1,1,1,3,6
733,721,1,1,1,1,0,4
745,721,1,1,1,1,0,4
768,721,1,1,1,1,0,4
918,721,1,1,1,1,0,4
933,721,1,1,1,1,0,4
962,721,1,1,1,1,0,4
990,721,1,1,1,1,0,4
1025,721,1,1,1,1,3,7
1073,721,1,1,1,1,0,4
1103,721,1,1,1,1,0,4
1166,721,1,1,1,1,0,4
1181,721,1,1,1,1,0,4
1047,722,1,0,1,1,3,6
1055,722,1,0,1,1,3,6
1213,722,1,1,1,1,3,7
1264,722,1,1,1,1,0,4
818,724,1,1,1,1,0,4
832,724,1,1,1,1,0,4
836,724,1,1,1,1,0,4
959,724,1,1,1,1,0,4
1042,725,1,1,1,1,3,7
1089,725,1,0,1,0,3,5
750,726,1,1,1,0,3,6
1016,726,1,0,1,0,3,5
1109,726,1,1,1,0,3,6
1025,727,0,1,1,1,3,6
869,728,1,1,1,1,0,4
983,728,1,1,1,1,0,4
1027,728,1,1,1,1,0,4
1130,728,1,1,1,1,3,7
730,729,1,1,1,1,3,7
866,729,1,1,1,1,0,4
1129,729,1,1,1,1,0,4
866,730,1,1,1,1,0,4
1129,730,1,1,1,1,0,4
746,732,0,0,1,1,3,5
747,732,0,1,1,1,3,6
773,732,1,1,1,1,0,4
820,732,1,1,1,1,3,7
843,732,1,1,1,1,3,7
848,732,1,1,1,1,3,7
854,732,1,1,1,1,0,4
941,732,1,1,1,1,0,4
951,732,1,1,1,1,0,4
977,732,1,1,1,1,3,7
994,732,1,1,1,1,0,4
1000,732,1,1,1,1,0,4
1031,732,1,1,1,1,0,4
1067,732,1,0,1,1,3,6
1084,732,1,1,1,1,0,4
1135,732,1,1,1,1,0,4
1141,732,1,1,1,1,0,4
1164,732,1,1,1,1,3,7
1249,732,1,0,1,1,3,6
745,733,1,1,1,1,0,4
768,733,1,1,1,1,0,4
918,733,1,1,1,1,3,7
933,733,1,1,1,1,0,4
962,733,1,1,1,1,3,7
990,733,1,1,1,1,0,4
1025,733,1,1,1,1,0,4
1073,733,1,1,1,1,3,7
1103,733,1,1,1,1,0,4
1166,733,1,1,1,1,0,4
1181,733,1,1,1,1,0,4
1321,733,1,0,1,1,3,6
1106,734,1,1,1,1,3,7
846,735,1,1,1,1,0,4
964,735,0,1,1,1,3,6
1063,735,0,0,1,1,3,5
1107,735,1,0,1,1,3,6
1119,735,1,0,1,1,3,6
1184,735,1,1,1,1,3,7
1283,735,0,1,1,1,3,6
750,736,1,1,1,1,0,4
827,736,1,1,1,1,3,7
1003,736,1,1,1,1,3,7
1109,736,1,1,1,1,0,4
761,737,1,1,1,1,3,7
886,737,1,1,1,1,0,4
894,737,1,1,1,1,0,4
1029,737,1,1,1,1,0,4
1149,737,1,1,1,1,3,7
1206,737,0,0,1,1,3,5
1243,737,1,1,1,1,0,4
776,738,1,1,1,1,3,7
1160,739,1,0,1,1,3,6
1227,740,0,0,1,1,3,5
1272,740,1,0,1,1,3,6
805,742,1,1,1,1,0,4
814,742,1,1,1,1,3,7
897,742,1,1,1,1,3,7
905,742,1,1,1,1,0,4
958,742,1,1,1,1,0,4
1028,742,1,1,1,1,0,4
1059,742,1,1,1,1,0,4
1070,742,1,1,1,1,0,4
1136,742,1,1,1,1,0,4
1008,743,1,1,1,1,3,7
1010,743,1,1,1,1,0,4
1074,743,1,1,1,1,0,4
1321,743,1,1,1,1,0,4
910,744,1,0,1,1,3,6
989,744,0,1,1,1,3,6
1125,744,1,1,1,0,3,6
1320,744,0,0,1,1,3,5
768,745,1,1,1,1,0,4
918,745,1,1,1,1,0,4
933,745,1,1,1,1,3,7
956,745,0,0,1,1,3,5
962,745,1,1,1,1,0,4
990,745,1,1,1,1,0,4
1020,745,1,0,1,1,3,6
1025,745,1,1,1,1,0,4
1073,745,1,1,1,1,0,4
1074,745,1,0,1,1,3,6
1103,745,1,1,1,1,0,4
1166,745,1,1,1,1,3,7
1181,745,1,1,1,1,3,7
747,746,1,0,1,1,3,6
820,746,0,0,1,1,3,5
843,746,0,0,1,1,3,5
848,746,0,0,1,1,3,5
977,746,0,0,1,1,3,5
1067,746,0,0,1,1,3,5
1164,746,0,0,1,1,3,5
1249,746,0,0,1,1,3,5
820,747,0,1,1,1,3,6
843,747,0,1,1,1,3,6
848,747,0,1,1,1,3,6
977,747,0,1,1,1,3,6
1067,747,0,0,1,1,3,5
1164,747,0,1,1,1,3,6
1249,747,0,0,1,1,3,5
921,748,1,0,1,0,3,5
979,748,1,0,1,0,3,5
1049,748,1,1,1,1,3,7
1069,748,1,0,1,0,3,5
786,749,1,0,0,1,3,5
807,749,1,0,1,1,3,6
907,749,1,0,0,1,3,5
949,749,1,0,0,1,3,5
1012,749,1,0,0,0,3,4
1018,749,1,0,0,1,3,5
1041,749,1,0,0,1,3,5
1156,749,1,0,1,1,3,6
1167,749,1,0,0,1,3,5
827,750,1,1,1,1,0,4
1003,750,1,1,1,1,0,4
1016,750,1,0,1,1,3,6
1109,750,1,1,1,1,3,7
878,751,1,1,1,1,3,7
1162,751,1,1,1,1,3,7
811,753,1,1,1,1,0,4
822,753,1,1,1,1,0,4
824,753,1,1,1,1,0,4
826,753,1,1,1,1,0,4
875,753,1,1,1,1,0,4
932,753,1,1,1,1,0,4
975,753,1,1,1,1,0,4
1002,753,1,1,1,1,0,4
1038,753,1,1,1,1,0,4
1173,753,1,1,1,1,0,4
763,755,1,1,1,1,0,4
766,755,1,0,1,1,3,6
821,755,1,0,1,1,3,6
830,755,1,0,1,1,3,6
1151,755,1,1,1,1,0,4
774,756,1,1,1,1,0,4
796,756,1,1,1,1,0,4
838,756,1,1,1,1,0,4
1222,756,1,1,1,1,0,4
769,757,1,1,1,1,3,7
789,757,1,0,1,1,3,6
828,757,1,0,1,1,3,6
882,757,1,1,1,1,0,4
889,757,1,0,1,1,3,6
1080,757,1,1,1,1,0,4
787,758,1,1,1,1,3,7
970,759,1,1,1,1,0,4
886,761,1,1,1,1,0,4
894,761,1,1,1,1,0,4
1029,761,1,1,1,1,0,4
1149,761,1,1,1,1,3,7
1206,761,0,0,1,1,3,5
1243,761,1,1,1,1,0,4
1151,763,1,1,1,1,0,4
869,765,1,0,1,1,3,6
915,765,1,0,1,1,3,6
821,766,1,0,1,1,3,6
830,766,1,0,1,1,3,6
792,767,1,1,1,1,0,4
901,767,1,1,1,1,0,4
918,768,1,1,1,1,0,4
933,768,1,1,1,1,0,4
962,768,1,1,1,1,0,4
990,768,1,1,1,1,0,4
1025,768,1,1,1,1,0,4
1073,768,1,1,1,1,0,4
1103,768,1,1,1,1,0,4
1166,768,1,1,1,1,0,4
1181,768,1,1,1,1,0,4
789,769,1,0,1,1,3,6
828,769,1,0,1,1,3,6
882,769,1,1,1,1,0,4
889,769,1,0,1,1,3,6
1080,769,1,1,1,1,0,4
802,770,1,1,1,1,0,4
812,770,1,0,1,1,3,6
819,770,1,1,1,1,0,4
1037,770,1,1,1,1,0,4
1086,770,1,0,1,1,3,6
808,771,1,0,1,1,3,6
823,771,1,0,1,1,3,6
1171,771,1,0,1,1,3,6
837,772,1,0,1,1,3,6
929,772,1,0,1,1,3,6
820,773,1,1,1,1,0,4
843,773,1,1,1,1,0,4
848,773,1,1,1,1,0,4
854,773,1,1,1,1,0,4
941,773,1,1,1,1,0,4
951,773,1,1,1,1,0,4
977,773,1,1,1,1,0,4
994,773,1,1,1,1,0,4
1000,773,1,1,1,1,0,4
1031,773,1,1,1,1,0,4
1084,773,1,1,1,1,0,4
1135,773,1,1,1,1,0,4
1141,773,1,1,1,1,0,4
1164,773,1,1,1,1,0,4
796,774,1,1,1,1,3,7
838,774,1,1,1,1,0,4
974,774,1,0,1,1,3,6
1004,774,1,0,1,1,3,6
1019,774,1,0,1,1,3,6
1066,774,1,0,1,1,3,6
1094,774,1,0,1,1,3,6
1140,774,1,0,1,1,3,6
1222,774,1,1,1,1,3,7
931,777,1,1,1,1,0,4
958,777,1,0,1,1,3,6
1059,777,1,0,1,1,3,6
874,778,1,1,1,1,3,7
961,779,1,0,1,1,3,6
1056,779,1,0,0,1,3,5
1093,779,1,0,1,1,3,6
1112,779,1,0,1,1,3,6
1172,779,1,0,1,1,3,6
1174,779,1,0,1,1,3,6
795,780,1,0,1,1,3,6
815,781,1,1,1,1,0,4
851,781,1,0,1,1,3,6
970,781,1,0,1,1,3,6
1091,781,1,0,0,1,3,5
1148,781,1,1,1,1,0,4
885,782,1,0,1,1,3,6
924,783,1,0,1,1,3,6
793,784,1,1,1,1,3,7
807,786,1,0,0,1,3,5
907,786,1,0,1,1,3,6
949,786,1,0,1,1,3,6
1012,786,1,0,1,0,3,5
1018,786,1,0,1,1,3,6
1041,786,1,0,1,1,3,6
1156,786,1,0,0,1,3,5
1167,786,1,0,1,1,3,6
828,789,1,0,1,1,3,6
889,789,1,1,1,1,3,7
875,791,1,0,1,1,3,6
975,791,1,0,1,1,3,6
1173,791,1,0,1,1,3,6
1232,791,1,0,1,1,3,6
1285,791,1,0,1,1,3,6
901,792,1,1,1,1,0,4
838,796,1,1,1,1,0,4
974,796,1,0,1,1,3,6
1004,796,1,0,1,1,3,6
1019,796,1,0,1,1,3,6
1066,796,1,0,1,1,3,6
1094,796,1,0,1,1,3,6
1140,796,1,0,1,1,3,6
1222,796,1,1,1,1,3,7
969,799,1,1,1,1,3,7
1231,799,1,1,1,1,0,4
1249,799,1,1,1,1,0,4
1309,799,1,1,1,1,0,4
1176,800,1,1,1,1,3,7
1269,800,1,1,1,1,3,7
1279,800,1,0,1,1,3,6
1304,800,1,0,1,1,3,6
841,801,1,0,1,1,3,6
935,801,0,1,1,1,3,6
981,801,0,1,1,1,3,6
1043,801,0,0,1,0,3,4
1153,801,0,1,1,0,3,5
1248,801,0,0,1,0,3,4
819,802,1,1,1,1,0,4
1037,802,1,1,1,1,0,4
837,803,1,1,1,1,0,4
929,803,1,1,1,1,0,4
992,803,1,0,1,0,3,5
1057,803,1,0,1,1,3,6
1062,803,1,0,1,1,3,6
1099,803,1,0,1,1,3,6
1154,803,1,0,1,1,3,6
941,804,1,0,0,1,3,5
999,804,1,0,0,1,3,5
1031,804,1,0,0,1,3,5
814,805,1,1,1,1,0,4
897,805,1,1,1,1,3,7
905,805,1,1,1,1,0,4
958,805,1,1,1,1,0,4
1028,805,1,1,1,1,0,4
1059,805,1,1,1,1,0,4
1070,805,1,1,1,1,0,4
1136,805,1,1,1,1,0,4
907,807,1,0,0,1,3,5
949,807,1,0,0,1,3,5
1012,807,1,1,0,0,3,5
1018,807,1,0,0,1,3,5
1041,807,1,0,0,1,3,5
1156,807,1,0,1,1,3,6
1167,807,1,0,0,1,3,5
823,808,1,0,1,1,3,6
1171,808,1,0,1,1,3,6
888,809,1,1,1,1,3,7
892,809,1,1,0,1,3,6
822,811,1,1,1,1,0,4
824,811,1,1,1,1,0,4
826,811,1,1,1,1,0,4
875,811,1,1,1,1,0,4
932,811,1,1,1,1,0,4
975,811,1,1,1,1,0,4
1002,811,1,1,1,1,0,4
1038,811,1,1,1,1,0,4
1173,811,1,1,1,1,0,4
1086,812,1,0,1,1,3,6
897,814,1,1,1,1,3,7
905,814,1,1,1,1,0,4
958,814,1,1,1,1,0,4
1028,814,1,1,1,1,0,4
1059,814,1,1,1,1,0,4
1070,814,1,1,1,1,0,4
1136,814,1,1,1,1,0,4
1148,815,1,1,1,1,0,4
832,818,1,1,1,1,0,4
836,818,1,1,1,1,3,7
845,818,1,0,1,1,3,6
856,818,0,1,1,1,3,6
872,818,1,0,1,1,3,6
906,818,0,0,1,1,3,5
959,818,1,1,1,1,0,4
1026,818,0,0,1,1,3,5
1037,819,1,1,1,1,0,4
843,820,1,1,1,1,3,7
848,820,1,1,1,1,3,7
854,820,1,1,1,1,0,4
941,820,1,1,1,1,0,4
951,820,1,1,1,1,0,4
977,820,1,1,1,1,3,7
994,820,1,1,1,1,0,4
1000,820,1,1,1,1,0,4
1031,820,1,1,1,1,0,4
1067,820,1,0,1,1,3,6
1084,820,1,1,1,1,0,4
1135,820,1,1,1,1,0,4
1141,820,1,1,1,1,0,4
1164,820,1,1,1,1,3,7
1249,820,1,0,1,1,3,6
830,821,1,0,1,1,3,6
857,821,1,1,1,1,0,4
925,821,1,1,1,1,0,4
1001,821,1,1,1,1,0,4
1007,821,1,1,1,1,0,4
824,822,1,1,1,1,0,4
826,822,1,1,1,1,0,4
875,822,1,1,1,1,0,4
932,822,1,1,1,1,0,4
975,822,1,1,1,1,0,4
1002,822,1,1,1,1,0,4
1038,822,1,1,1,1,0,4
1173,822,1,1,1,1,0,4
1171,823,1,0,1,1,3,6
826,824,1,1,1,1,0,4
873,824,1,0,1,1,3,6
875,824,1,1,1,1,0,4
932,824,1,1,1,1,3,7
975,824,1,1,1,1,0,4
1002,824,1,1,1,1,0,4
1038,824,1,1,1,1,0,4
1173,824,1,1,1,1,0,4
829,825,1,1,1,1,0,4
875,826,1,1,1,1,0,4
932,826,1,1,1,1,0,4
975,826,1,1,1,1,0,4
1002,826,1,1,1,1,0,4
1038,826,1,1,1,1,0,4
1150,826,1,0,1,1,3,6
1173,826,1,1,1,1,0,4
1003,827,1,1,1,1,3,7
1109,827,1,1,1,1,0,4
889,828,1,0,1,1,3,6
912,829,0,1,1,1,3,6
1168,829,0,0,1,1,3,5
836,832,1,1,1,1,0,4
959,832,1,1,1,1,0,4
1118,833,0,0,0,1,3,4
908,834,1,1,1,1,0,4
927,834,1,1,1,1,0,4
1053,834,1,1,1,1,0,4
1098,834,1,1,1,1,0,4
847,835,1,1,1,1,3,7
943,835,1,1,1,1,0,4
980,835,1,0,1,1,3,6
1054,835,1,0,1,1,3,6
845,836,1,0,1,1,3,6
856,836,0,1,1,1,3,6
872,836,1,0,1,1,3,6
906,836,0,0,1,1,3,5
959,836,1,1,1,1,0,4
1026,836,0,0,1,1,3,5
929,837,1,1,1,1,3,7
945,837,1,0,1,1,3,6
1222,838,1,1,1,1,0,4
1064,839,1,0,1,1,3,6
935,841,0,0,1,1,3,5
981,841,0,0,1,1,3,5
1043,841,0,0,1,0,3,4
1153,841,0,0,1,0,3,4
1248,841,0,0,1,0,3,4
890,842,1,0,1,1,3,6
848,843,1,1,1,1,3,7
854,843,1,1,1,1,0,4
941,843,1,1,1,1,0,4
951,843,1,1,1,1,0,4
977,843,1,1,1,1,3,7
994,843,1,1,1,1,0,4
1000,843,1,1,1,1,0,4
1031,843,1,1,1,1,0,4
1067,843,1,0,1,1,3,6
1084,843,1,1,1,1,0,4
1135,843,1,1,1,1,0,4
1141,843,1,1,1,1,0,4
1164,843,1,1,1,1,3,7
1249,843,1,0,1,1,3,6
856,845,0,0,1,1,3,5
872,845,1,0,1,1,3,6
906,845,0,0,1,1,3,5
1026,845,0,0,1,1,3,5
914,846,0,1,1,1,3,6
1184,846,1,1,1,1,0,4
943,847,1,1,1,1,0,4
980,847,1,0,1,1,3,6
1054,847,1,0,1,1,3,6
854,848,1,1,1,1,0,4
941,848,1,1,1,1,0,4
951,848,1,1,1,1,0,4
977,848,1,1,1,1,3,7
994,848,1,1,1,1,0,4
1000,848,1,1,1,1,0,4
1031,848,1,1,1,1,0,4
1067,848,1,0,1,1,3,6
1084,848,1,1,1,1,0,4
1135,848,1,1,1,1,0,4
1141,848,1,1,1,1,0,4
1164,848,1,1,1,1,3,7
1249,848,1,0,1,1,3,6
866,849,1,0,0,1,3,5
940,849,1,0,0,1,3,5
853,850,1,0,1,1,3,6
1048,850,1,0,1,1,3,6
1100,850,1,0,1,1,3,6
970,851,1,0,1,1,3,6
1091,851,1,0,0,1,3,5
1048,853,1,0,1,1,3,6
1100,853,1,0,1,1,3,6
941,854,1,1,1,1,0,4
951,854,1,1,1,1,3,7
977,854,1,1,1,1,0,4
994,854,1,1,1,1,0,4
1000,854,1,1,1,1,0,4
1031,854,1,1,1,1,0,4
1084,854,1,1,1,1,0,4
1135,854,1,1,1,1,0,4
1141,854,1,1,1,1,0,4
1164,854,1,1,1,1,0,4
1231,854,1,0,1,1,3,6
872,856,0,0,1,1,3,5
906,856,0,0,1,1,3,5
1026,856,0,0,1,1,3,5
925,857,1,1,1,1,0,4
973,857,1,0,1,1,3,6
1001,857,1,1,1,1,0,4
1007,857,1,1,1,1,3,7
1011,857,1,0,1,1,3,6
1116,857,1,0,1,1,3,6
1151,857,1,0,1,1,3,6
926,859,1,1,1,1,3,7
1006,859,1,1,1,1,3,7
909,861,1,1,1,1,0,4
914,861,1,1,1,1,0,4
964,861,1,1,1,1,0,4
1040,861,1,1,1,1,0,4
1090,861,1,1,1,1,0,4
1179,861,1,1,1,1,0,4
942,863,1,0,1,1,3,6
940,866,1,0,1,1,3,6
1129,866,1,1,1,1,0,4
908,867,0,0,0,1,3,4
927,867,0,0,0,1,3,4
946,867,1,0,0,1,3,5
953,867,1,0,0,1,3,5
960,867,0,0,0,1,3,4
1045,867,1,0,0,1,3,5
1098,867,0,0,0,1,3,4
1127,867,0,0,0,1,3,4
915,869,1,0,1,1,3,6
983,869,1,1,1,1,0,4
1027,869,1,1,1,1,3,7
1130,869,1,1,1,1,0,4
906,872,0,0,1,1,3,5
1026,872,0,0,1,1,3,5
932,873,1,0,1,1,3,6
1150,873,1,1,1,1,0,4
1232,873,1,1,1,1,0,4
1241,873,1,1,1,1,0,4
1245,873,1,1,1,1,0,4
1252,873,1,1,1,1,0,4
1259,873,1,1,1,1,0,4
932,875,1,1,1,1,0,4
975,875,1,1,1,1,3,7
1002,875,1,1,1,1,0,4
1038,875,1,1,1,1,0,4
1173,875,1,1,1,1,3,7
1232,875,1,0,1,1,3,6
1285,875,1,0,1,1,3,6
1196,877,1,0,1,1,3,6
1284,877,1,0,1,1,3,6
1162,878,1,1,1,1,3,7
1280,879,0,0,1,1,3,5
978,882,0,1,1,1,3,6
1080,882,1,1,1,1,3,7
1085,882,0,1,1,1,3,6
1178,882,1,0,0,1,3,5
898,884,1,1,1,1,3,7
1052,884,1,1,1,1,0,4
1126,884,1,0,1,1,3,6
1131,884,1,1,1,1,0,4
894,886,1,1,1,1,0,4
1029,886,1,1,1,1,0,4
1149,886,1,1,1,1,0,4
1243,886,1,1,1,1,0,4
892,888,1,1,0,1,3,6
1304,891,1,1,1,1,0,4
1029,894,1,1,1,1,0,4
1149,894,1,1,1,1,0,4
1243,894,1,1,1,1,0,4
937,895,1,0,1,1,3,6
905,897,1,1,1,1,0,4
958,897,1,1,1,1,0,4
1028,897,1,1,1,1,0,4
1059,897,1,1,1,1,0,4
1070,897,1,1,1,1,0,4
1136,897,1,1,1,1,0,4
1052,898,1,1,1,1,0,4
1126,898,1,0,1,1,3,6
1131,898,1,1,1,1,0,4
1056,900,1,1,1,1,0,4
958,905,1,1,1,1,0,4
1028,905,1,1,1,1,0,4
1059,905,1,1,1,1,0,4
1070,905,1,1,1,1,0,4
1136,905,1,1,1,1,3,7
1026,906,1,1,1,1,3,7
949,907,1,0,1,1,3,6
1012,907,1,0,1,0,3,5
1018,907,1,0,1,1,3,6
1041,907,1,0,1,1,3,6
1156,907,1,0,0,1,3,5
1167,907,1,0,1,1,3,6
927,908,1,1,1,1,3,7
946,908,0,0,1,1,3,5
953,908,0,0,1,1,3,5
960,908,1,0,1,1,3,6
1045,908,0,1,1,1,3,6
1053,908,1,1,1,1,0,4
1098,908,1,1,1,1,3,7
1127,908,1,0,1,1,3,6
914,909,1,1,1,1,0,4
964,909,1,1,1,1,0,4
1040,909,1,1,1,1,3,7
1090,909,1,1,1,1,0,4
1179,909,1,1,1,1,0,4
989,910,0,0,1,1,3,5
1125,910,1,0,1,0,3,5
1320,910,0,0,1,1,3,5
1168,912,1,0,1,1,3,6
1137,913,1,1,1,1,3,7
964,914,1,1,1,1,0,4
1040,914,1,1,1,1,0,4
1090,914,1,1,1,1,0,4
1179,914,1,1,1,1,0,4
1058,917,1,1,1,1,3,7
1160,917,1,1,1,1,0,4
933,918,1,1,1,1,0,4
962,918,1,1,1,1,3,7
990,918,1,1,1,1,0,4
1025,918,1,1,1,1,0,4
1073,918,1,1,1,1,3,7
1103,918,1,1,1,1,0,4
1166,918,1,1,1,1,0,4
1181,918,1,1,1,1,0,4
1321,918,1,0,1,1,3,6
979,921,1,0,1,1,3,6
1049,921,1,0,1,0,3,5
1069,921,1,0,1,1,3,6
1001,925,1,1,1,1,0,4
1007,925,1,1,1,1,0,4
1006,926,1,1,1,1,3,7
946,927,0,0,1,1,3,5
953,927,0,0,1,1,3,5
960,927,1,0,1,1,3,6
1045,927,0,1,1,1,3,6
1053,927,1,1,1,1,0,4
1098,927,1,1,1,1,3,7
1127,927,1,0,1,1,3,6
1105,928,1,0,1,1,3,6
945,929,1,0,1,1,3,6
1070,931,1,0,1,1,3,6
1076,931,1,0,1,1,3,6
975,932,1,1,1,1,0,4
1002,932,1,1,1,1,0,4
1038,932,1,1,1,1,0,4
1173,932,1,1,1,1,0,4
956,933,0,0,1,1,3,5
962,933,1,1,1,1,0,4
990,933,1,1,1,1,0,4
1020,933,1,0,1,1,3,6
1025,933,1,1,1,1,0,4
1073,933,1,1,1,1,0,4
1074,933,1,0,1,1,3,6
1103,933,1,1,1,1,0,4
1166,933,1,1,1,1,3,7
1181,933,1,1,1,1,3,7
1048,934,1,1,1,1,0,4
981,935,1,1,1,1,3,7
1043,935,1,0,1,0,3,5
1153,935,1,1,1,0,3,6
1248,935,1,0,1,0,3,5
1036,939,1,1,1,1,0,4
951,941,1,1,1,1,0,4
977,941,1,1,1,1,0,4
994,941,1,1,1,1,0,4
999,941,1,0,1,1,3,6
1000,941,1,1,1,1,0,4
1031,941,1,1,1,1,3,7
1084,941,1,1,1,1,3,7
1135,941,1,1,1,1,0,4
1141,941,1,1,1,1,0,4
1164,941,1,1,1,1,0,4
1057,945,1,1,1,1,0,4
1062,945,1,1,1,1,0,4
953,946,1,0,1,1,3,6
960,946,0,0,1,1,3,5
1045,946,1,0,1,1,3,6
1098,946,0,0,1,1,3,5
1127,946,0,0,1,1,3,5
1012,949,1,0,1,0,3,5
1018,949,1,0,1,1,3,6
1041,949,1,0,1,1,3,6
1156,949,1,0,0,1,3,5
1167,949,1,0,1,1,3,6
1081,950,1,1,1,0,3,6
1159,950,1,1,1,0,3,6
1169,950,1,1,1,0,3,6
977,951,1,1,1,1,0,4
994,951,1,1,1,1,0,4
1000,951,1,1,1,1,0,4
1031,951,1,1,1,1,0,4
1084,951,1,1,1,1,0,4
1135,951,1,1,1,1,0,4
1141,951,1,1,1,1,0,4
1164,951,1,1,1,1,0,4
1231,951,1,0,1,1,3,6
960,953,0,0,1,1,3,5
1045,953,1,0,1,1,3,6
1098,953,0,0,1,1,3,5
1127,953,0,0,1,1,3,5
1020,956,0,0,1,1,3,5
1074,956,0,1,1,1,3,6
1166,956,0,0,1,1,3,5
1181,956,0,0,1,1,3,5
1028,958,1,1,1,1,0,4
1059,958,1,1,1,1,3,7
1070,958,1,1,1,1,0,4
1136,958,1,1,1,1,0,4
1045,960,0,0,1,1,3,5
1098,960,1,0,1,1,3,6
1127,960,1,0,1,1,3,6
1056,961,1,1,0,1,3,6
1093,961,1,0,1,1,3,6
1112,961,1,0,1,1,3,6
1172,961,1,1,1,1,3,7
1174,961,1,0,1,1,3,6
990,962,1,1,1,1,0,4
1025,962,1,1,1,1,0,4
1073,962,1,1,1,1,3,7
1103,962,1,1,1,1,0,4
1166,962,1,1,1,1,0,4
1181,962,1,1,1,1,0,4
1321,962,1,0,1,1,3,6
1040,964,1,1,1,1,0,4
1063,964,1,0,1,1,3,6
1090,964,1,1,1,1,0,4
1107,964,0,0,1,1,3,5
1119,964,0,0,1,1,3,5
1179,964,1,1,1,1,0,4
1184,964,0,1,1,1,3,6
1283,964,0,1,1,1,3,6
1121,966,1,1,1,1,3,7
1231,969,1,1,1,1,0,4
1249,969,1,1,1,1,0,4
1309,969,1,1,1,1,0,4
1091,970,1,1,0,1,3,6
1117,971,1,1,1,1,0,4
1175,971,1,1,1,1,0,4
1007,973,1,0,1,1,3,6
1011,973,1,0,1,1,3,6
1116,973,1,0,1,1,3,6
1151,973,1,0,1,1,3,6
1004,974,1,0,1,1,3,6
1019,974,1,0,1,1,3,6
1066,974,1,0,1,1,3,6
1094,974,1,0,1,1,3,6
1140,974,1,0,1,1,3,6
1222,974,1,0,1,1,3,6
1002,975,1,1,1,1,0,4
1038,975,1,1,1,1,0,4
1173,975,1,1,1,1,3,7
1232,975,1,0,1,1,3,6
1285,975,1,0,1,1,3,6
994,977,1,1,1,1,0,4
1000,977,1,1,1,1,0,4
1031,977,1,1,1,1,0,4
1067,977,1,0,1,1,3,6
1084,977,1,1,1,1,0,4
1135,977,1,1,1,1,0,4
1141,977,1,1,1,1,0,4
1164,977,1,1,1,1,3,7
1249,977,1,0,1,1,3,6
1080,978,0,1,1,1,3,6
1085,978,0,1,1,1,3,6
1178,978,0,0,0,1,3,4
1049,979,1,0,1,0,3,5
1069,979,1,0,1,1,3,6
1054,980,1,0,1,1,3,6
1043,981,1,0,1,0,3,5
1153,981,1,1,1,0,3,6
1248,981,1,0,1,0,3,5
1027,983,1,1,1,1,0,4
1130,983,1,1,1,1,0,4
1129,986,0,0,1,1,3,5
1125,989,0,1,1,0,3,5
1320,989,0,0,1,1,3,5
1025,990,1,1,1,1,0,4
1073,990,1,1,1,1,0,4
1103,990,1,1,1,1,3,7
1166,990,1,1,1,1,0,4
1181,990,1,1,1,1,0,4
1051,991,1,1,1,1,3,7
1057,992,1,0,1,0,3,5
1062,992,1,0,1,0,3,5
1099,992,1,0,1,0,3,5
1154,992,1,0,1,0,3,5
1065,993,0,0,1,1,3,5
1000,994,1,1,1,1,0,4
1031,994,1,1,1,1,0,4
1084,994,1,1,1,1,0,4
1135,994,1,1,1,1,0,4
1141,994,1,1,1,1,0,4
1164,994,1,1,1,1,0,4
1046,998,1,0,0,1,3,5
1142,998,0,1,0,1,3,5
1251,998,0,1,0,1,3,5
1031,999,1,0,1,1,3,6
1084,999,1,0,1,1,3,6
1031,1000,1,1,1,1,0,4
1084,1000,1,1,1,1,0,4
1135,1000,1,1,1,1,3,7
1141,1000,1,1,1,1,3,7
1164,1000,1,1,1,1,0,4
1007,1001,1,1,1,1,0,4
1038,1002,1,1,1,1,0,4
1173,1002,1,1,1,1,0,4
1109,1003,1,1,1,1,0,4
1019,1004,1,1,1,1,3,7
1066,1004,1,1,1,1,3,7
1094,1004,1,1,1,1,3,7
1140,1004,1,1,1,1,3,7
1222,1004,1,0,1,1,3,6
1011,1007,1,0,1,1,3,6
1116,1007,1,0,1,1,3,6
1151,1007,1,0,1,1,3,6
1010,1008,1,1,1,1,0,4
1074,1008,1,1,1,1,0,4
1321,1008,1,1,1,1,0,4
1074,1010,1,1,1,1,0,4
1321,1010,1,1,1,1,0,4
1116,1011,1,0,1,1,3,6
1151,1011,1,0,1,1,3,6
1018,1012,1,0,1,0,3,5
1041,1012,1,0,1,0,3,5
1156,1012,1,0,0,0,3,4
1167,1012,1,0,1,0,3,5
1128,1013,0,0,1,0,3,4
1138,1013,1,0,1,1,3,6
1208,1013,1,0,1,1,3,6
1079,1014,1,0,1,1,3,6
1109,1016,1,0,1,1,3,6
1145,1017,1,0,1,1,3,6
1158,1017,1,0,1,1,3,6
1041,1018,1,0,1,1,3,6
1156,1018,1,0,0,1,3,5
1167,1018,1,0,1,1,3,6
1066,1019,1,1,1,1,3,7
1094,1019,1,1,1,1,3,7
1140,1019,1,1,1,1,3,7
1222,1019,1,0,1,1,3,6
1074,1020,1,0,1,1,3,6
1166,1020,1,0,1,1,3,6
1181,1020,1,0,1,1,3,6
1157,1024,1,1,1,1,3,7
1073,1025,1,1,1,1,0,4
1103,1025,1,1,1,1,0,4
1166,1025,1,1,1,1,0,4
1181,1025,1,1,1,1,0,4
1130,1027,1,1,1,1,0,4
1059,1028,1,1,1,1,0,4
1070,1028,1,1,1,1,0,4
1136,1028,1,1,1,1,0,4
1149,1029,1,1,1,1,0,4
1243,1029,1,1,1,1,3,7
1084,1031,1,1,1,1,3,7
1135,1031,1,1,1,1,0,4
1141,1031,1,1,1,1,0,4
1164,1031,1,1,1,1,0,4
1173,1038,1,1,1,1,0,4
1061,1039,1,1,1,1,0,4
1090,1040,1,1,1,1,0,4
1179,1040,1,1,1,1,0,4
1156,1041,1,0,0,1,3,5
1167,1041,1,0,1,1,3,6
1089,1042,1,0,1,0,3,5
1153,1043,1,0,1,1,3,6
1248,1043,1,0,1,1,3,6
1098,1045,0,1,1,1,3,6
1127,1045,0,0,1,1,3,5
1142,1046,0,0,1,1,3,5
1251,1046,0,0,1,1,3,5
1055,1047,1,0,1,1,3,6
1213,1047,1,0,1,1,3,6
1100,1048,1,0,1,1,3,6
1069,1049,1,0,1,0,3,5
1189,1050,1,1,1,1,0,4
1195,1050,1,1,1,1,0,4
1198,1050,1,1,1,1,0,4
1210,1050,1,1,1,1,0,4
1131,1052,1,1,1,1,3,7
1098,1053,1,1,1,1,0,4
1213,1055,1,0,1,1,3,6
1093,1056,1,0,0,1,3,5
1112,1056,1,0,0,1,3,5
1172,1056,1,1,0,1,3,6
1174,1056,1,0,0,1,3,5
1062,1057,1,1,1,1,3,7
1099,1057,1,0,1,1,3,6
1154,1057,1,0,1,1,3,6
1160,1058,1,1,1,1,0,4
1070,1059,1,1,1,1,0,4
1136,1059,1,1,1,1,0,4
1110,1060,1,1,1,1,3,7
1099,1062,1,0,1,1,3,6
1154,1062,1,0,1,1,3,6
1107,1063,0,0,1,1,3,5
1119,1063,0,0,1,1,3,5
1184,1063,0,0,1,1,3,5
1283,1063,0,0,1,1,3,5
1094,1066,1,1,1,1,3,7
1140,1066,1,1,1,1,3,7
1222,1066,1,0,1,1,3,6
1164,1067,1,0,1,1,3,6
1249,1067,1,0,1,1,3,6
1076,1070,1,0,1,1,3,6
1136,1070,1,1,1,1,0,4
1102,1071,1,0,1,1,3,6
1103,1073,1,1,1,1,0,4
1166,1073,1,1,1,1,0,4
1181,1073,1,1,1,1,0,4
1321,1073,1,0,1,1,3,6
1166,1074,1,0,1,1,3,6
1181,1074,1,0,1,1,3,6
1321,1074,1,1,1,1,0,4
1146,1075,1,0,1,1,3,6
1085,1080,0,1,1,1,3,6
1178,1080,1,0,0,1,3,5
1159,1081,1,1,1,0,3,6
1169,1081,1,1,1,1,3,7
1135,1084,1,1,1,1,0,4
1141,1084,1,1,1,1,0,4
1164,1084,1,1,1,1,0,4
1178,1085,0,0,0,1,3,4
1179,1090,1,1,1,1,0,4
1112,1093,1,0,1,1,3,6
1172,1093,1,0,1,1,3,6
1174,1093,1,0,1,1,3,6
1140,1094,1,1,1,1,3,7
1222,1094,1,0,1,1,3,6
1127,1098,1,0,1,1,3,6
1154,1099,1,0,1,1,3,6
1166,1103,1,1,1,1,0,4
1181,1103,1,1,1,1,0,4
1119,1107,1,0,1,1,3,6
1184,1107,1,0,1,1,3,6
1283,1107,0,0,1,1,3,5
1172,1112,1,0,1,1,3,6
1174,1112,1,0,1,1,3,6
1151,1116,1,0,1,1,3,6
1175,1117,1,1,1,1,0,4
1184,1119,1,0,1,1,3,6
1283,1119,0,0,1,1,3,5
1320,1125,0,0,1,0,3,4
1138,1128,0,0,1,0,3,4
1208,1128,0,0,1,0,3,4
1186,1132,0,0,1,1,3,5
1141,1135,1,1,1,1,3,7
1164,1135,1,1,1,1,0,4
1208,1138,1,1,1,1,3,7
1222,1140,1,0,1,1,3,6
1164,1141,1,1,1,1,0,4
1152,1142,1,1,1,1,0,4
1251,1142,0,1,1,1,3,6
1158,1145,1,0,1,1,3,6
1239,1148,0,1,1,1,3,6
1206,1149,0,0,1,1,3,5
1243,1149,1,1,1,1,0,4
1232,1150,1,1,1,1,0,4
1241,1150,1,1,1,1,0,4
1245,1150,1,1,1,1,0,4
1252,1150,1,1,1,1,0,4
1259,1150,1,1,1,1,0,4
1248,1153,1,0,1,1,3,6
1280,1155,1,1,1,1,0,4
1167,1156,1,0,0,1,3,5
1169,1159,1,1,1,0,3,6
1196,1163,1,1,1,1,0,4
1284,1163,1,1,1,1,0,4
1249,1164,1,0,1,1,3,6
1180,1165,1,0,1,1,3,6
1181,1166,1,1,1,1,3,7
1187,1171,1,1,1,1,0,4
1192,1171,1,1,1,1,0,4
1226,1171,1,1,1,1,0,4
1308,1171,1,1,1,1,0,4
1317,1171,1,1,1,1,0,4
1174,1172,1,0,1,1,3,6
1232,1173,1,0,1,1,3,6
1285,1173,1,0,1,1,3,6
1269,1176,1,1,1,1,3,7
1279,1176,1,0,1,1,3,6
1304,1176,1,0,1,1,3,6
1216,1183,1,1,1,1,3,7
1283,1184,0,1,1,1,3,6
1192,1187,1,1,1,1,3,7
1226,1187,1,1,1,1,0,4
1308,1187,1,1,1,1,0,4
1317,1187,1,1,1,1,0,4
1195,1189,1,1,1,1,3,7
1198,1189,1,1,1,1,0,4
1207,1189,0,1,1,1,3,6
1210,1189,1,1,1,1,0,4
1226,1192,1,1,1,1,0,4
1308,1192,1,1,1,1,0,4
1317,1192,1,1,1,1,0,4
1200,1193,1,1,1,1,3,7
1253,1193,1,1,1,1,3,7
1256,1193,1,1,1,1,3,7
1198,1195,1,1,1,1,0,4
1207,1195,0,1,1,1,3,6
1210,1195,1,1,1,1,0,4
1284,1196,1,1,1,1,3,7
1210,1198,1,1,1,1,0,4
1240,1199,1,1,1,1,3,7
1300,1199,1,1,1,1,3,7
1253,1200,1,1,1,1,3,7
1256,1200,1,1,1,1,3,7
1246,1201,1,1,1,1,3,7
1315,1201,1,1,1,1,0,4
1297,1202,1,1,1,1,0,4
1301,1204,0,1,1,1,3,6
1305,1204,0,1,1,1,3,6
1310,1204,1,1,1,1,0,4
1224,1205,1,1,1,1,0,4
1298,1205,0,1,1,1,3,6
1264,1213,1,1,1,1,0,4
1239,1214,1,1,1,1,0,4
1255,1221,1,1,1,0,3,6
1308,1226,1,1,1,1,3,7
1317,1226,1,1,1,1,3,7
1272,1227,0,0,1,1,3,5
1249,1231,1,1,1,1,0,4
1309,1231,1,1,1,1,0,4
1241,1232,1,1,1,1,0,4
1245,1232,1,1,1,1,0,4
1252,1232,1,1,1,1,0,4
1259,1232,1,1,1,1,0,4
1285,1232,1,0,1,1,3,6
1300,1240,1,1,1,1,3,7
1245,1241,1,1,1,1,3,7
1252,1241,1,1,1,1,0,4
1259,1241,1,1,1,1,0,4
1267,1244,1,1,1,1,3,7
1252,1245,1,1,1,1,0,4
1259,1245,1,1,1,1,0,4
1315,1246,1,1,1,1,0,4
1309,1249,1,1,1,1,0,4
1298,1250,1,1,1,1,0,4
1259,1252,1,1,1,1,0,4
1256,1253,1,1,1,1,3,7
1266,1262,1,1,1,1,0,4
1279,1269,1,0,1,1,3,6
1304,1269,1,0,1,1,3,6
1290,1271,1,1,1,1,0,4
1304,1279,1,0,1,1,3,6
1316,1286,1,1,1,1,3,7
1303,1301,1,1,1,1,0,4
1305,1301,1,1,1,1,3,7
1305,1303,1,1,1,1,0,4
1317,1308,1,1,1,1,3,7
